DE;EN
Nosode Grippe;3rd Flu Nosode
Blähungen 1;Abdominal Bloating
Blähungen 1;Abdominal Bloating 1
Bauchatmung;Abdominal Breathing
Pilzinfektion des Magens;Abdominal Fungal Infections
Pilzinfektion des Bauches;Abdominal Fungal Infections
Bauchschmerzen;Abdominal Pain
Abszess;Abscess
Abszess 1;Abscess 1
Hämolytische Gelbsucht;Acholuric Jaundice
Säuren Nierensteine ​;Acid Kindey Stones
Regulierung des Säure-Basen-Gleichgewichts;Acid-Base Balance Regulation
Übersäuerung;Acidosis
Akne;Acne
Akne Pickel;Acne
Akne Vulgaris;Acne Vulgaris
Akne Sekundär;Acne-Secondary
Akne Hautausschlag;Acneiform Rash
Atsonitum;Aconitum
Aktivierung der Leber;Activation of Liver
Prostata Aktivschutz;Active protection
Akupunktur;Acupuncture
Akute Entzündung;Acute Inflammation
Akute Kehlkopfentzündung;Acute Laryngitis
Akute Nephritis;Acute Nephritis
Akute Nierenentzündung;Acute Nephritis
Akute Schmerzen;Acute Pain
Akute Atemwegsinfektionen 1;Acute Respiratory Infections-1
Akutes Atemwegssyndrom;Acute Respiratory Syndrome
Akute respiratorische Virusinfektionen;Acute Respiratory Viral Infection
Akute respiratorische Virusinfektionen 1;Acute Respiratory Viral Infections 1
Akute respiratorische Virusinfektionen 2;Acute Respiratory Viral Infections 2
Akute respiratorische Virusinfektionen 3;Acute Respiratory Viral Infections 3
Akute respiratorische Virusinfektionen 4;Acute Respiratory Viral Infections 4
Akute respiratorische Virusinfektionen 5;Acute Respiratory Viral Infections 5
Akute Urethritis;Acute Urethritis
Adenohypophyse;Adenohypophysis
Rachenmandelwucherung;Adenoiditis
Polypen;Adenoids
Adenom;Adenoma
Prostataadenom 1;Adenoma 1
Prostataadenom 2;Adenoma 2
Prostataadenom 4;Adenoma 4
Prostataadenom 5;Adenoma 5
Prostataadenom 6;Adenoma 6
Prostataadenom 7;Adenoma 7
Adenovirus 36;AdenoVirus 36
Adenovirus 41;AdenoVirus 41
Adenovirus D66;AdenoVirus D 66
Fettablagerung;Adipopexia
Adnexitis;Adnexitis
Adnexitis 1;Adnixitis 1
Nebennierenrinde;Adrenal Cortex
Nebennieren Störung;Adrenal Gland Disorders
Nebennieren Erkrankungen;Adrenal Gland Disorders
Nebenniere Hyperfunktion;Adrenal Gland Hypofinction
Nebennieren;Adrenal Glands
Nebennieren 1;Adrenal Glands 1
Nebennieren 2;Adrenal Glands 2
Stimulation der Nebennieren;Adrenal Glands Stimulation
Nebennierenmark;Adrenal Medulla
Aflatoxin 1;Aflatoxin 1
Aflatoxin 2;Aflatoxin 2
Meningitis;Agifla
Muskelalterung;Aging Muscles
Unruhe 2;Agitation
Alkoholismus;Alcohol Addiction
Agomenorrhoe;Algodismenorrhea
Alkalische Nierensteine ​​;Alkaline Kindey Stones
Alle Schimmelpilze;All Aspergillus
Allergische Bronchitis;Allergic Bronchitis
allergische Dermatitis;Allergic Dermatitis
Allergischen Erkrankungen;Allergic Diseases
Allergien;Allergology
Allergose;Allergosis
Allergie;Allergy
Allergien;Allergy
Allergien Allgemein;Allergy
Allergie 1;Allergy 1
Allergie 2;Allergy 2
Allergie 3;Allergy 3
Allergie 4;Allergy 4
Allergie 5;Allergy 5
Allergie 6;Allergy 6
Allergie 7;Allergy 7
Allergie 8;Allergy 8
Allergische Nasenentzündung;Allergy and Rhinitis
Allergie 1;Allergy-1
Haarausfall;Alopecia
Schimmelpilz;Alternaria Tenuis
Altruismus-Zentrum;Altruistic Centre of the Brain 3
Altruismus Zentrum 2;Altruistic Centre of the brain-2
Alveolitis;Alveolitis
Alzheimer-Krankheit;Alzheimer Disease
Alzheimer-Krankheit allgemein;Alzheimer Disease-Basic Programme
Geh-Störungen;Ambulation Disorder
Amenorrhoe;Amenorrhoea
Gutmütigkeit;Amiability
Amoeba;Amoeba
Amoeba-Leber;Amoebic Liver
Amöben Leber 1;Amoebic Liver 1
Muskelatrophie;Amyotrophy
Muskel-Atrophie 1;Amyotrophy 1
Muskel-Atrophie 2;Amyotrophy 2
Muskel-Atrophie 3;Amyotrophy 3
Analfissuren;Anal Fissures
Analgetikum;Analgesic
Anatomie Physiologie und Histologie;Anatomy, Physiology and Hystology
Hakenwurm;Ancylostoma
Anämie;Anemia
Anämie 1;Anemia 1
Anämie 2;Anemia 2
Anämie 3;Anemia 3
Vincent Angina Plaunt;Angina Vincenti-Plaut
Vaso Spasmus;Angio-Spasm
Angiospasmus;AngioSpasm
Tiere;Animals
Morbus Bechterew;Ankylosing Spondylitis
Reizbarkeit;Annoyance
Reizbarkeit 1;Annoyance 1
Reizbarkeit 2;Annoyance 2
Reizbarkeit 3;Annoyance 3
Fehlender Geruchsinn;Anosmia
Ameisenbisse;Ant Stings
Hypophysen-Vorderlappen;Anterior Pituitary Gland
Vorderlappe der Hypophyse;Anterior Pituitary Gland
Hypophysen Vorderlappen 1;Anterior Pituitary Gland 1
Anthracinus;Anthracinun
Anti-Angiospastic;Anti-Angiospastic
Entzündungshemmende Wirkung;Anti-Inflammatory Effect
Antischmerz;Anti-Pain
Antisklerotisch;Anti-sclerotic
Antidepressivum;Antidepressant
Antigicht;Antigout
Antimenorragiches;Antimenorrhagic
Antioxidant;Antioxidant
Parasitenabwehr Frequenzen;Antiparasitic
Antirheumatisch;Antirheumatic
Antiseptisch;Antiseptic
Antiseptische allgemein 1;Antiseptic-Common 1
Antiseptische allgemein 2;Antiseptic-Common 2
Antiseptische allgemein 3;Antiseptic-Common 3
Antiseptische allgemein 4;Antiseptic-Common 4
Antiserotonergic;Antiserotonergic
Krampflösende Wirkung;Antispastic Effect
Anti-Stress;Antistress
Antispastisch;Antitonic
Antiulcer;AntiUlcer
Anus-Darmausgang;Anus
Anus;Anus
Unruhe 1;Anxiety 1
Angst-Entspannung;Anxiety-Relaxation
Aorta;Aorta
Aorta 1;Aorta 1
Aortenaneurysma;Aortic Aneurysm
Aphonie;Aphonia
Aphthöse Stomatitis;Aphthous Stomatitis
Blinddarm;Appendix
Blinddarm 1;Appendix 1
Appetit;Appetite
Appetitregulation;Appetite Regulation
Appetitregulation;Appetite Regulation 1
Appetitkontrolle 1;Appetite Regulator 1
Nerven Hände;Arm Nerves
Hand-Finger;Arm, Finger
Handgelenk;Arm, Joint
Arnika;Arnica
Arrhythmie;Arrhythmia
Arsenits Album.;Arsenic Album.
Kunst/Art Zentrum;Art Centre
Zentrum Kunst;Art Centre 2
Kunst Zentrum;Art Centre 3
Arterielle Hypertonie;Arterial Hypertension
Arterielle Hypotonie;Arterial Hypotonia
Blockierung der Arterien;Arterial Thrombosis
Arterien;Arteries
Arterien 1;Arteries 1
Arteriolen;Arteriola
Arteriosklerose;ArterioSclerosis
Arteriosklerose 1;ArterioSclerosis 2
Arteriosklerose 2;ArterioSclerosis 2
Arterien Syndrom;Artery Syndrome
Arthritisch;Arthritic
Arthritis;Arthritis
Entzündung der Gelenke;Arthritis
Arthritis / Arthrose;Arthritis / Arthrosis
Arthritis / Arthrose;Arthritis /Arthrosis
Arthritis 1;Arthritis 1
Arthritis 2;Arthritis 2
Arthritis 3;Arthritis 3
Arthritis 4;Arthritis 4
Arthritis 5;Arthritis 5
Arthritis 6;Arthritis 6
Arthritis 7;Arthritis 7
Gelenksentzündung - Arthritis;Arthritis Treatment
Arthritis Basis;Arthritis-Basic
Arthritis Rheuma;Arthritis-Rheumatism
Arthrologie;Arthrology
Arthropathie des Kniegelenks;Arthropathy of Knee
Arthrose des Halses;Arthrosis
Arthrose;Arthrosis
Arthrose 1;Arthrosis 1
Sprunggelenk Arthrose;Arthrosis of the Ankle
Arthrose Nacken;Arthrosis-Occiput
Splüwurmer;Ascarididae
Asiatische Grippe A;Asian Influenza A
Schimmelpilzinfektion;Aspergillus
Asthma;Asthma
Asthma verursacht von Spülwürmer;Asthma caused by Ascariasis
Asthma durch Parasiten;Asthma Parasites
Asthmatische Bronchitis;Asthma-like Bronchitis
Asthmatische Bronchitis;Asthmatic Bronchitis
Asthmaanfall;Asthmatic Seizure
Hornhautverkrümmung;Astigmatism
Hornhautverkrümmung 1;Astigmatism 1
Atherom;Atheroma
Atherosklerose;AtheroSclerosis
Atherosklerose der Blutgefäße;AtheroSclerosis
Halswirbel-Atlas-Axis;Atlas-Axis
Atonische Lähmung;Atonic Paralysis
Atypisches Asthma;Atopic Asthma
Atopische Dermatitis;Atopic Dermatitis
Allergische Rhinosinusopathy;Atopic Rhinosinusopathy
Autoimmunkrankheit;Autoimmune Disease
Autoimmunkrankheiten;Autoimmune Disease
Autoimmun-Krankheit 1;Autoimmune Disease 1
Autotoxemia;Autointoxication
Autonomes Nervensystem;Autonomic Nervous System
Babelose;Babesia
Bakterielle Karbunkel;Bacillary Carbuncule
Batsillinum;Bacillinum
Tuberkelbazillus;Bacillus Kochii
Bacillus subtilis;Bacillus Subtil
Rückenmüdigkeit;Back Fatigue
Rückenmuskulatur;Back Muscles
Rückenschmerzen;Back Pain
Bakterien lactis;Bacteria Lactis
Bakterien;Bacterial Diseases
Bakterielle Ekzeme;Bacterial Eczema
Bakterielle Rippenfellentzündung;Bacterial Pleuritis
Bakteriose;Bacteriosis
Bakteriose 1;Bacteriosis 1
Bakteriose 2;Bacteriosis 2
Bäckerhefe;Bakers Yeast
Speiseröhre Barrett-Ösophagus;Barret's Esophagus
Basalganglien;Basal Ganglion
Basedow-Krankheit;Basedow's Disease
Adenovirus Grundprogramm;Basic AdenoVirus Programme
Bakterielle Infektion-Basis;Basic Bacterial Infection
Grundbasis Grippe;Basic Flu
Herpes Basis;Basic Herpes
Infektionen Basisprogramm;Basic Infection
Nematoden Basis;Basic Nematodes
Einfache Streptokokken;Basic Streptococcus
Allgemeine Tuberkulose;Basic Tuberculosis
Basidiomyceten;Basidiomycetes
Infektionen Basis Sekundär;Basisc Secondary Infection
BC G Impfstoff;BC G Vaccine
Bechterew Vorfall;Bekhterev's Disease
Benigne Prostatahyperplasie;Benign Prostatic Hyperplasia
Gutartige Tumor;Benign Tumour
Influenza Berlin;Berlin Influenza
Bermuda Flugbrand;Bermuda Smut
Zweistärken Sicht;Bifocal Vision
Galle;Bile
Galle 1;Bile 1
Gallenproduktion;Bile Production
Galleproduktion;Bile Production
Galle Regulierung 1;Bile Regulation 1
Galle Regulierung 2;Bile Regulation 1
Gallenzirrhose;Biliary Cirrhosis
Gallenwege;Biliary Tract
Galle;Bilirubin
Biologische Aufladung;Biological Exercise
Blase Harnröhre;Bladder, Urethra
Blastosphere;Blastocyst
Blastozysten 1;Blastocyst 1
Blastozysten;Blastocytes
Blastozysten 1;Blastocytes 1
Kreislauf;Bleeding
Liedrandentzündung;Blepharitis
Liedkrampf;BlepharoSpasm
Blasen an den Füßen;Blisters on Legs
Blasen an den Füßen 1;Blisters on Legs 1
Blasen an den Beinen 2;Blisters on Legs 2
Block Akupunkturpunkte;Block of Acupuncture Points
Nabelverletzung Meridiane;Blockage in Meridians due to Cicatrix
Blutkreislauf;Blood Circulation
Blutversorgung;Blood Circulation
Blutkreislauf 1;Blood Circulation 1
Kreislauf und Sauerstoff;Blood Circulation and Oxigen
Kreislauf-Komplex 1;Blood Circulation Complex 1
Kreislauf-Komplex 2;Blood Circulation Complex 2
Kreislaufstörungen;Blood Circulation Disorders
Blutkreislauf-Steuerfrequenz;Blood Circulation-Control Frequencies
Kreislauf-Steuerfrequenz;Blood Circulation-Control Frequencies
Blutgerinnungssystem;Blood Coagulation System
Blutkrankheiten;Blood Disorder
Kreislauf und Durchblutung;Blood Flow and Circulation
Blutversorgung mit Sauerstoff;Blood Flow and Oxygen Supply
Parasiten im Blut;Blood Parasites
Reinigung von Plasma;Blood Plasm Purification
Blutdruck;Blood Pressure
Blutdruck 1;Blood Pressure 1
Blutreinigung;Blood Purification
Zentrum Blutversorgung;Blood Supply Centre
Blutversorgungszentrum;Blood Supply Centre
Zentrum Blutversorgung 2;Blood Supply Centre 2
Zentrum Perfusion 3;Blood Supply Centre 3
Blutversorgung/Perfusionsdefizit 1;Blood Supply Deficiency 1
Blutversorgung/Perfusion defitsit2;Blood Supply Deficiency 2
Bluttemperatur;Blood Temperature
Bluttemperatur 1;Blood Temperature 1
Körper Abwehrkräfte;Body Defenses
Abwehrkräfte Teil 1;Body Defenses , Part 1
Abwehrkräfte 2;Body Defenses 2
Abwehrkräfte;Body Defenses 3
Abwehrkräfte;Body Defenses 4
Stärkung der körpereigenen Abwehrkräfte;Body Defenses Strengthening
Abwehrkräfte Teil 2;Body Defenses, Part 2
Wachstumsregulation;Body Height-Regulation
Körperwachstum-Regulierung;Body Height-Regulation
Wachstumsregulation 1;Body Height-Regulation 1
Wachstumsstimulation;Body Height-Stimulation
Wachstumsstimulation 1;Body Height-Stimulation 2
Schwächung des Organismus;Body Weakening
Schwächung des Körpers;Body Weakening
Geschwächter Organismus 1;Body Weakening-1
Stärkung der körpereigenen Abwehrkräfte 2;Body's Defenses Strengthening 2
Knochenzellen;Bone Cells
Knochenbruch Behandlung;Bone Fracture Treatment
Knochenmark;Bone Marrow
Knochenmark 1;Bone Marrow 1
Knochenmark-Stimulation;Bone Marrow Stimulation
Knochenregeneration;Bone Regeneration
Weicher Knochen 1;Bone Softening 1
Knochenstruktur;Bone Structure
Knochenstruktur 1;Bone Structure 1
Knochen Regenerierung;Bone Tissue Regeneration
Skelett-Knochen;Bony Skeleton
Verknöcherung 1;Bony Skeleton 1
Skelett 2;Bony Skeleton 2
Borreliose;Borreliosis
Beine Verkrümmung;Bowleg
Beine verkrümmt 1;Bowleg 1
Zentrum Altruismus 3;Brain Altruistic Centre 3
Gehirnerschütterung;Brain concussion
Gehirnerschütterung 2;Brain Concussion 2
Hirnkontusion;Brain Contusion
Hirnschäden;Brain Damage
Erkrankung des Gehirns;Brain Disorder
Gehirnentzündung;Brain Inflammation
Musik-Zentrum;Brain Music Centre
Sex Zentrum;Brain Pleasure Centre
Denk-Zentrum;Brain Thinking Centre
Hirntumor;Brain Tumor
Hirntumor 1;Brain Tumor 1
Kokken Infektion;Branhamella Catarhalis
Brust Adenom;Breast Adenoma
Brustpflege;Breast Care
Brustvergrößerung;Breast Enhancement
Muttermilchunverträglichkeit;Breast Milk Intolerance
Atem;Breathing
Atemzentrum;Breathing Centre
Atemzentrum 2;Breathing Centre 2
Atemzentrum 3;Breathing Centre 3
Atemzentrum 4;Breathing Centre 4
Bronchiales Asthma;Bronchial Asthma
Bronchialasthma 1;Bronchial Asthma1
Bronchialasthma 2;Bronchial Asthma2
Bronchialasthma 4;Bronchial Asthma4
Bronchialasthma 5;Bronchial Asthma5
Bronchialasthma 6;Bronchial Asthma6
Bronchialasthma 7;Bronchial Asthma7
Bronchialasthma 8;Bronchial Asthma8
Bronchitis;Bronchitis
Bronchitis 1;Bronchitis 1
Bronchitis 2;Bronchitis 2
Bronchitis 3;Bronchitis 3
Bronchitis 4;Bronchitis 4
Bronchitis 5;Bronchitis 5
Bronchitis 6;Bronchitis 6
Bronchopneumonie;Bronchopneumonia
Bronchopneumonie 1;Bronchopneumonia 1
Bronchospasmus;BronchoSpasm
Bronchopulmonales System;Bronchpulmonary System
Bronchien;Bronchus
Bronchien und Lunge;Bronchus and Lungs
Mittelmeerfieber;Brucella Melitensis
Brandwunde;Burn
Blasen von Verbrennungen;Burn Blisters
Blasen von Verbrennungen 1;Burn Blisters 1
Blasen von Verbrennungen 2;Burn Blisters 2
Blasen von der Verbrennung 3;Burn Blisters 3
Schleimbeutelentzündung;Bursitis
Schleimbeutelentzündung 1;Bursitis 1
Schleimbeutel Schmerz;Bursitis Pain
Schwund;Cachexy
Erschöpfung 1;Cachexy 1
Fersensporn;Calcaneal Spur
Kalziumablagerung;Calcipexy
Calcium-Mangel;Calcium Insufficiency
Kalziummangel;Calcium Insufficiency
Calcium Mangel 1;Calcium Insufficiency 1
Calcium / Phosphor;Calcium/ Phosphorus
Entfernung von Zahnstein;Calculus Removal
Schwielen;Callus
Schwielen;Calluses
Harnröhrenkanal;Canal, Urethra
Krebs;Cancer
Krebsschmerzen;Cancer Pain
Candida;Candida
Candida Ablikans;Candida Albicans
Candida Albicans 1;Candida Albicans 1
Candida mit Helminthen;Candida and Helminth
Candida mit Parasiten;Candida and Parasites
Candidia-Krebs;Candidiasis-Cancer
Hunde-Parvovirus;Canine Parvo-Virus
Hunde-Parvovirus B;Canine Parvo-Virus B
Hunde-Parvovirus M;Canine Parvo-Virus M
Kapillaren;Capillaries
Kapillaren 1;Capillaries 1
Kapillaren 2;Capillaries 2
Carbo animalis;Carbo Animalis
Karbunkel;Carbuncule
Krebserregende Faktoren;Carcinogen
Angina;Cardiac Angina
Herz Angina;Cardiac Angina 2
Herz Angina Steuerfrequenz 1;Cardiac Angina cf 1
Herz Angina Steuerfrequenz 2;Cardiac Angina cf 2
Kardiologische Leitungsstörung;Cardiac Conduction Disorder
Kardiale Ödemie;Cardiac Edema
Herzinsuffizienz;Cardiac Insufficiency
Herzneurose;Cardiac Neurosis
Herz Rhythmus;Cardiac Rythm
Herz Vene;Cardiac Vein
Spasmus des kardiovaskulären Systems;Cardio-Vascular System Spasm
Krämpfe des Herz-Kreislaufsystems;Cardio-Vascular System Spasms
Kardiologie;Cardiology
Kardiologie und Herz-Kreislauf-System;Cardiology and Cardiovascular System
Gefäßsklerose;CardioSclerosis
Karies;Caries
Karies 1;Caries 1
Erweichung des Knorpels;Cartilage Softening
Knorpel Erweichung 2;Cartilage Softning
Katarakt;Cataract
Katarakt 2;Cataract 2
Katarrh;Catarrh
Eileiter-Katarrhalische Entzündung;Catarrhal Inflammation of the Fallopian Tubes
Krankheitserreger Ursache;Causative Agent
Causticum;Causticum
Solarplexus;Celiac Plexus
Solarplexus 2;Celiac Plexus2
Zellfrequenz;Cell Frequency
Zellregeneration;Cell Regeneration
Zellerneuerung;Cellular Edema
Zellregeneration;Cellular Edema
Zellen Erneuerung 1;Cellular Edema 1
Zellen Erneuerung 1;Cellular Edema 2
Zellstoffwechsel;Cellular Turnover
Zentrale Lähmung;Central Paralysis
Kreativität Zentrum;Centre of Creativity
Schaffung/Kreativität Zentrum 2;Centre of Creativity 2
Zentrum der Lymphknoten;Centre of Lymphatic Glands
Zentrum Lymphknoten;Centre of Lymphatic Glands-2
Erbrechen Zentrum 1;Centre of Vomiting
Neubildung des Kleinhirns;Cerebellum
Asthenie Gehirn;Cerebral Asthenia
Hirnatrophie;Cerebral Atrophy
Kreislauf Kopf 1;Cerebral Blood Flow 1
Kopfschmerzen Hirngefäße;Cerebral Blood Vessels as a Factor in a Headache
Blutzirkulation Kopf;Cerebral Circulation
Zerebrale Störung;Cerebral Disturbances
Zerebral Dystonie;Cerebral Dystonia
Hirnödem;Cerebral Edema
Cerebral Kopfschmerzen;Cerebral Headache
Zerebrale Kopfschmerzen 2;Cerebral Headache 2
Zerebrale Kopfschmerzen 3;Cerebral Headache 3
Zerebraler Bluthochdruck;Cerebral Hypertension
Hirnnerven;Cerebral Nerves
Cerebrospinalflüssigkeit;Cerebrospinal Fluid Circulation
Rückenmarkslähmung;Cerebrospinal Paralysis
zerebrovaskuläre Insuffizienz;CerebroVascular Insufficiency
Hals-Lendenwirbelsäule Ischias;Cervical and Lumbarsacral Radiculitis
Zentrum Hals;Cervical Centre
Hals-Lendenwirbelsyndrom;Cervical Myositis
Cervical Myositis 2;Cervical Myositis 2
Osteochondrose Hals;Cervical Osteochondrosis
Zervixpolyp;Cervical Polyps
Halswirbelsäule;Cervical Spine
Halswirbelsäule 1;Cervical Spine 1
HWS-Syndrom;Cervical Syndrome
HWS-Syndrom 2;Cervical Syndrome 2
Cervico Lumbalsyndrom;Cervico-Lumbar Syndrome
Cervical Adenom;Cervix Adenoma
Bandwürmer;Cestoid Worms
Helidonium;Chelidonium
Chemische Entgiftung;Chemical Detoxification
Akne auf der Brust;Chest Acne
Windpocken;Chikenpox
Windpocken 1;Chikenpox 1
Chlamydia Allgemeine;Chlamydia
Chlamydien Pneumonie;Chlamydia Pneumoniae
Chlamydia Pneumonie;Chlamydia Pneumoniae
Chlamydien Pneumonie 2;Chlamydia Pneumoniae 2
Chlamydien Pneumonie 3;Chlamydia Pneumoniae 3
Chlamydia Trachomatis;Chlamydia Trachomatis
Cholangioles;Cholangiolitis
Cholangitis 2;Cholangitis
Cholangitis;Cholangitis
Cholecystitis;Cholecystitis
Cholecystitis 2;Cholecystitis 2
Schmerz Cholezystitis;Cholecystitis Pain
Cholecystitis-Schmerzen;Cholecystitis Pain
Gallensteine​​ 1;Cholelithiasis 1
Ohrengeschwulst;Cholesteatoma
Holesterinum;Cholesterinum
Cholesterin;Cholesterol
Cholesterin 2;Cholesterol 2
Cholesterin 3;Cholesterol 3
Cholesterin 4;Cholesterol 4
Cholesterin 5;Cholesterol 5
Cholinerge;Cholinergic
Entzündung der Stimmbänder;Chorditis
Chronische aggressive Hepatitis;Chronic Aggressive Hepatitis
Chronische Bronchitis;Chronic Bronchitis
Chronische Blasenentzündung;Chronic Cystitis
Chronischer Durchfall;Chronic Diarrhea
Chronische Entzündung der Speiseröhre;Chronic Esophagitis
Chronische Müdigkeit;Chronic Fatigue
Chronische Müdigkeit Syndrom;Chronic Fatigue Syndrome
Chronische Vergiftung;Chronic Intoxication
Chronischen Rückenschmerzen;Chronic Low-Back Pain
Chronische Mittelohrentzündung 1;Chronic Otitis 1
Chronische Mittelohrentzündung 2;Chronic Otitis 2
Rheumatische Polyarthritis;Chronic Poly-Arthritis
Chronische Prostatitis;Chronic Prostatitis
Chronische Nasennebenhöhlenentzündung;Chronic Sinusitis
Chronischer Schmerz;Chronic Sorrow
Chronische Halsschmerzen;Chronic Throat Inflammation
Abszesse - Narben;Cicatrix, Abscess
Narbe-Druck;Cicatrix, Pressure
Cimicifuga;Cimicifuga
Durchblutungsstörungen;Circulation Disorder
Kreislaufstörungen 1;Circulation Loss 1
Leberzirrhose;Cirrhosis
Leber-Zirrhose 2;Cirrhosis 2
Samtfleckenkrankheit;Cladosporium Fulvum
Körperreinigung 1;Cleansing 1
Körperreinigung 2;Cleansing 2
Körperreinigung 4;Cleansing 4
Körperreinigung 5;Cleansing 5
Klimakterium Dysmenorrhoe;Climacteric Dysmenorrhea
Klimakterium Bluthochdruck;Climacteric Hypertention
Klimakterium Schwitzen;Climacteric Sweating
Schwitzen Klimakterium;Climacteric Sweating
Muskelzucken;Clonus
Kokainabhängigkeit;Cocaine Dependence
Schnecken Nerven;Cochlear Nerve
Schnecken Nerven 3;Cochlear Nerve 3
Ohr-Schnecke Nerven 2;Cochlear Nerves 2
Glutenunverträglichkeit;Coeliac Disease
Erkältung 2;Cold
Erkältung 1;Cold 1
Erkältung 2;Cold 2
Erkältung-Grippe;Cold and Influenza
Erkältungen;Cold ARVI
Kältegefühl;Cold Sense
Kältegefühl 2;Cold Sense 2
Kältegefühl 3;Cold Sense 3
Kältegefühl 4;Cold Sense 4
Erkältung-Wintergrippe;Cold-Winter Influenza
Kolibazillen;Colibacillus
E. Kolibakterien 1;Colibacillus 1
Kolibazillen als Erreger von Krebs;Colibacillus as a Causative Cancer Agent
Koliken oder Krämpfe;Colics
Schmerzen bei Koliken;Colics and Headache
Colitis / Dickdarmkatarrh;Colitis
Colitis 1;Colitis
Kolitis;Colitis
Dickdarm Kataarh 1;Colitis 1
Dickdarm Kataarh 2;Colitis 2
Dickdarmkataarh 2;Colitis 2
Dickdarm Kataarh 3;Colitis 3
Dickdarm Kataarh 4;Colitis 4
Dickdarm Kataarh 5;Colitis 5
Kolitis und Durchfall;Colitis and Diarrhera
Colitis-Entzündung;Colitis-Inflammation
Zusammenbruch;Collapse
Darmpolypen;Colon Polyps
Polypen im Darm;Colon Polyps
Farben;Colors
Allgemeines Asthma;Common Asthma
Candida Allgemein;Common Candida
Allgemeiner Candida;Common Candida
Kolibazillen Basis;Common Colibacillus
Ohr - allgemeine Probleme;Common Ear Problems
Hepatitis allgemein;Common Hepatitis
Hepatitis allgemein V;Common Hepatitis v
Herkömmliche Nierenentzündung;Common Nephritis
Salmonellen allgemeine;Common Salmonella
Viren allgemeine TR1;Common Viruses TR1
Viren allgemeine TR2;Common Viruses TR2
Kommunikation und Eingebung;Communication and Suggestion
Komplexer Hepatitis C;Complex Hepatitis C
Komplex Muskelstruktur;Comprehensive Muscles Structure
Zahnschmerzen drückende;Compressive Toothache
Konzentration;Concentration
Konzentration 2;Concentration 2
Zentrum Konzentration;Concentration Centre
Warzen;Condyloma
Selbstvertrauen;Confidence
kongestiver Prostatitis;Congestion Prostatitis
Bindehautentzündung;Conjunctivitis
Bindehautentzündung 2;Conjunctivitis 2
Bindehautentzündung 1;Conjunctivitus 1
Bindegewebe;Connective Tissue
Bindegewebe 2;Connective Tissue 2
Bindegewebe 3;Connective Tissue 3
Bindegewebe 4;Connective Tissue 4
Bindegewebe-Frequenzsteuerung 2;Connective Tissue-Control Frequencies
Bindegewebe Steuerfrequenz;Connective Tissue-Control Frequencies
Verstopfung;Constipation
Verstopfung 1;Constipation 1
Verstopfung Darmparese;Constipation due to Intestinal Paresis
Verstopfung-Parese;Constipation-Paresis
Zwang;Constraint
Ansteckende Dermatitis;Contagious Dermatitis
Steuerung Niere / Leber 1;Control Frequencies of Kindeys/Liver 1
Steuerung Niere / Leber 2;Control Frequencies of Kindeys/Liver 2
Prellung;Contusion
Prellungen-Verletzungen;Contusion. Injuries
Krampfhaften Lähmung;Convulsive Paralysis
Krampfanfälle;Convultions
Krampfanfälle 2;Convultions 2
Hornhäute - beidseitig;Cornea
Ischämische Wirkung;Coronarogenic Effect
Koronar-Gefäße;Coronary Vessels
Kosmetologie;Cosmetology
Kosmetologie 1;Cosmetology1
Kosmetologie 2;Cosmetology2
Kosmetologie 3;Cosmetology3
Kosmetologie 4;Cosmetology4
Kosmetologie 5;Cosmetology5
Rippenfell;Costal pleura
Rippenfell 1;Costal Pleura 1
Rippenfell 2;Costal Pleura 2
Husten;Cough
Husten-Impfstoff;Cough-Vaccine
Schwierigkeiten beim Zählen;Counting Difficulty
Tapferkeit;Courage
Hüftarthrose;Cox Arthrosis
Coxsackie-Virus;Coxsackie Virus
Coxsackie-Virus A9;Coxsackie Virus A9
Coxsackie-Virus B1;Coxsackie Virus B1
Coxsackie-Virus B2;Coxsackie Virus B2
Coxsackie-Virus B3;Coxsackie Virus B3
Coxsackie-Virus B4;Coxsackie Virus B4
Coxsackie-Virus B5;Coxsackie Virus B5
Coxsackie-Virus B6;Coxsackie Virus B6
Hirnnerven;Cranial Nerves
Schädel-Hirn Verletzung;Craniocerebral Injury
Zentrum Schaffung 3;Creativity Centre 3
Zervizitis;Crevicitis
Crocus Sotillus;Crocus Sotillus
Morbus Crohn 1;Crohn's Disease 1
Morbus Crohn 2;Crohn's Disease 2
Morbus Crohn 3;Crohn's Disease 3
Morbus Crohn 4;Crohn's Disease 4
Chronische Gallenblasenentzündung;Cronic Cholecystitis
Cryptococcus neoformans;Cryptococcus Neoformans
Kryptorchismus;Cryptorchidism
Akne-Haut 1;Cutaneous Acne 1
Akne-Haut 2;Cutaneous Acne 2
Akne-Haut;Cutaneous Acne 3
Hautbarriere;Cutaneous Barrier
Haut-Zentrum;Cutaneous Centre
Haut Zentrum 1;Cutaneous Centre 1
Haut Zentrum 2;Cutaneous Centre 2
Haut Zentrum 3;Cutaneous Centre 3
Hautgeschwüre;Cutaneous Ulcers
Tsiklospora;Cyclospora
Darm-Zysten;Cyst of the Intestine
Zystische Brustdrüsen;Cystic Breasts
Zystische Brust;Cystic Breasts
Zysten Brustdrüsen 1;Cystic Breasts 1
Blasenentzündung;Cystitis
Blasenentzündung 1;Cystitis 1
Blasenentzündung 2;Cystitis 2
Harnblasenentzündung 2;Cystitis 2
Blasenentzündung 3;Cystitis 3
Blasenentzündung 4;Cystitis 4
Blasenentzündung 5;Cystitis 5
Blasenentzündung 6;Cystitis 6
Zytomegallievirus;CytomegaloVirus
Cytomegalovirus 2;Cytomegalovirus 2
Zytomegalie Virus 4;CytomegaloVirus 4
Geschädigte Wirbelsäule;Damaged Spinal Column
Schuppen 1;Dandruff 1
Tiefe Reinigung;Deep Cleansing
Zentrum Schutz;Defense Centre
Schutzzentrum;Defense Centre
Zentrum-Abwehrsystem 2;Defense Centre 2
Schutz Zentrum 3;Defense Centre 3
Schutz Zentrum 4;Defense Centre 4
Schutzfunktionen;Defensive Functions
Degenerative Haut;Degenerative Skin
Entwässerung;Dehydration
Entwässerung des Organismus;Dehydration
Wahnvorstellungen;Delusion
Zähne-Frequenzen;Dental Frequencies
Zähne-Kiefer-Mund;Dentistry
Depression;Depression
Depressionen 1;Depression 1
Depression 1;Depression 1
Medikamentöse Depression;Depression caused by Medications
Infektion-Toxische Depression;Depression of Infectious Toxic Origin
Allergie-Haut;Dermal Allergy
Allergie-Haut 1;Dermal Allergy 1
Dermatitis;Dermatitis
Dermatologie;Dermatology
Dermatologie und Kosmetologie;Dermatology and Cosmetology
Scherpilzflechte;Dermatophytosis
Dermoidzyste;Dermoid Cyst
Urethritis Desquamativer;Desquamative Urethritis
Entgiftung Frequenzen;Detoxification
Entgiftung;Detoxification
Entgiftung nach einer Operation;Detoxification after Surgery
Diabetes 1;Diabetes 1
Diabetes 2;Diabetes 2
Diabetes 3;Diabetes 3
Diabetes 4;Diabetes 4
Diabetes 5;Diabetes 5
Diabetes 6;Diabetes 6
Diabetes Mellitus;Diabetes Mellitus
Diabetes 2;Diabetes Mellitus
Diabetischer Fuß;Diabetic Foot
Diabetiker-Geschwür;Diabetic Ulcers
Membran;Diaphragm
Durchfall;Diarrhea
Diastolischer Bluthochdruck;Diastolic Hypertension
Zwischenhirn-Syndrom;Diencephalic Syndrome
Verdauungszentrum;Digestion Centre
Verdauungsstörung;Digestive Disorders
Magen Enzyme;Digestive Enzymes
Zentrum für Verdauung 2;Digestive System Centre 2
Verdauungszentrum;Digestive System Centre 3
Zentrum Verdauung 3;Digestive System Centre-3
Verdauungstrakt;Digestive Tract
Diphtherie;Diphtheritis
Diptherinun;Diptherinun
Dysbakteriose;Disbacteriosis
Knochenhaut und Knochenerkrankungen;Disease of Bone and Periosteum
Bandscheiben-Degeneration;Disk Degeneration
Bandscheibenschäden;Disk-Damage
Bandscheibenregeneration;Disk-Regeneration
Bandscheibenverschleiß;Disk-Wear and Tear
Bandscheibenvorfall;Diskal Hernia
Verstauchung;Dislocation
Gestörter Blutfluss;Disorders of Blood Flow
Polypen Resorption;Dispertion of Polyps
Polypen Resorption 1;Dispertion of Polyps 1
Freudloser Zustand;Distress
Harntreibende Wirkung;Diuretic Action
Harntreibende Effekt;Diuretic Effect
Harntreibende Wirkung 1;Diuretic Effect 1
Harntreibende Wirkung 2;Diuretic Effect 2
Divertikulitis;Diverticulitis
Schwindel;Dizziness
Schwindel 1;Dizziness 1
Schwindel 2;Dizziness 2
Schwindel 3;Dizziness 3
Schwindel 4;Dizziness 4
DNA-Reparatur;DNA Restoration
Dopaminergene Wirkung;Dopaminergic Effect
Drainage;Drainage
Drainage 1;Drainage 1
Zentrum Träume;Dream Centre
Traumzentrum 1;Dream Centre 1
Traumzentrum 3;Dream Centre 3
Träume-Zentrum;Dreams Centre
Traumzentrum 2;Dreams Centre 2
Drogen/Medikamentenabhängigkeit;Drug Dependence
Trockener Husten;Dry Cough
Trockenes Ekzem;Dry Eczema
Trockene Haut;Dry Skin
Zwölffingerdarmgeschwür;Duodenal Ulcer
Chronische Zwölffingerdarmerkrankung 1;Duodenitis 1
Zwölffingerdarm;Duodenum
Zwölffingerdarmgeschwür;Duodenum Ulcer
Stauballergie;Dust Allergy
Dysmenorrhoe;Dymenorrhoea
Ataxophemia;Dysarthria
Pilz Dysbiose;Dysbiosis
Ruhr;Dysentery
Dishormonal vesiculo Prostatitis;Dyshormonal VesiculoProstatitis
Regelschmerzen;Dysmenorrhea
Dysmenorrhoe 1;Dysmenorrhea 1
Menstruationsschmerzen 1;Dysmenorrhea 1
Menstruationsschmerzen 2;Dysmenorrhea 2
Menstruationsschmerzen 3;Dysmenorrhea 3
Menstruationsschmerzen 4;Dysmenorrhea 4
Menstruationsschmerzen 5;Dysmenorrhea 5
Menstruationsschmerzen 6;Dysmenorrhea 6
Dysmenorrhoe und Blutungen;Dysmenorrhea and Bleeding
Darmpilz;Dyspepsia
Mycosis Ohr;Ear Mycosis
Ohrenschmerzen;Ear Pain
Ohrenschmerzen;Earache
Ohren;Ears
Ohren 2;Ears 2
Ohren Basisprogramm;Ears-Basic Programme
Fieber Ebola 1;Ebola Fever1
Fieber Ebola 2;Ebola Fever2
Echinococcus Bandwürmer;Echinococcus
Ekzem;Eczema
Ekzeme 2;Eczema 2
Ekzeme 3;Eczema 3
Ekzem-Herpes;Eczema-Herpes
Ödem 1;Edema 1
Ödem 2;Edema 2
Schwellung;Edemata
Ödem 1;Edemata 1
Ödem 2;Edemata 2
Schwellung 3;Edemata 3
Effekte;Effects
Ellbogen;Elbow
Ellbogen 1;Elbow 1
Ellbogen Gelenk;Elbow Joint
Schmerzen im Ellenbogen;Elbow Pain
EM-Therapie-Programme;Electromagnetic Therapy Programmes
Lymphödem;Elephntiasis
Ausleitung von Giftstoffen;Elimination of Toxins
Notfall-Behandlung;Emergency - Treatment
Erschöpfung;Emotional Exhaustion
Psychische Erschöpfung;Emotional Exhaustion
Inkontinenz;Emotional Expansivness
Lungenaufblähung;Emphysema
Entzündung der Bauchhöhle;Encelitis
Enzephalopathie;Encephalopathy
Endokarditis;Endocarditis
Endokrine Drüsen;Endocrine Glands
Kontrollfrequenz Drüsen;Endocrine Glands Control Frequencies
Stimulation der endokrinen Drüsen;Endocrine Glands Stimulation
Endokrines System;Endocrine Systems
Hormone;Endocrinology
Endokrinologie;Endocrinology
Endometriose;Endometreosis
Endometriose durch Darm-Virus;Endometreosis due to the Intestine Virus
Endometritis;Endometritis
Endomyocarditis;Endomyocardit
Endomyocarditis 2;Endomyocardit 2
Energie aufladen;Energey Charging
Energiefluss;Energy Flow
Energie Aufnahme;Energy Input
Energie Austritt;Energy Output
Energiespendend;Energy-Delivering
Energiespendende Wirkung;Energy-Delivering Effect
Schilddrüsenvergrößerung;Enlarged Thyroid Gland
Eileiter Vergrößerung;Enlargement of Fallopian Tubes
Darm Kopfschmerzen;Enteric Headache
Darm-Virus;Enteric Virus
Dünndarmentzündung;Enteritis
Enterococcinum;Enterococcinum
Enterokolitis;EnteroColitis
Entero Virus;EnteroVirus
Enuresis 2;Enuresis 2
Einnässen 3;Enuresis 3
Enuresis 4;Enuresis 4
Epidemische Parotitis 2;Epidemic Parotitis 2
Mumps-Impfstoff;Epidemic Parotitis Vaccine
Nebenhoden;Epididymis
Nebenhoden;Epididymite
Epilepsie;Epilepsy
Epilepsie 2;Epilepsy
Epileptischer Krampfanfall;Epileptic Seizure
Epileptische Anfälle;Epileptic Seizures
Epiphyse;Epiphysis
Epiphyse 2;Epiphysis 2
Epiphyse 3;Epiphysis 3
Epstein-Barr-Virus 2;Epstein-Barr Virus 2
Zentrum Gleichgewicht;Equilibrium Centre
Gleichgewichtzentrum 2;Equilibrium Centre 2
Zentrum Gleichgewicht-Balance 3;Equilibrium Centre 3
Gleichgewichtsstörungen 1;Equilibrium Disorders 1
Gleichgewichtsstörungen 2;Equilibrium Disorders 2
Erektile Dysfunktion;Erectile Dysfunction
Wundrose;Erysipelas
Wundrose-Entzündung;Erysipelas
Ekzeme;Erythema
Erythema nosodum;Erythema nosodum
Erythrozyten;Erythrocytes
Erythrozyten 2;Erythrocytes 2
Erythrozyten 3;Erythrocytes 3
Stimulation rote Blutkörperchen;Erythrocytes Formation Stimulation
Erythropenia;Erythropenia
Eritropeniya 2;Erythropenia 2
Speiseröhre;Esophagus
Speiseröhre 1;Esophagus 1
Speiseröhre Knorpel;Esophagus Cartilage
Speiseröhren Knorpel;Esophagus Cartilage
Speiseröhre Knorpel 1;Esophagus Cartilage 1
Hypertonische Krankheit;Essential Hypertension
Eustachischen Röhren;Eustachian Tubes
Eustachischen Röhren 1;Eustachian Tubes 1
Ohrtrompetenentzündung;Eustachitis
Verschlimmerung von Krampfadern;Exacerbation of Varicosis
Überschüssige Harnsäure;Excess of Uric Acid
Übermäßiger Haarwuchs;Excessive Hair Growth
Übermäßiges Schwitzen;Excessive Sweating
Schweres Schwitzen;Excessive Sweating
Starkes Schwitzen 2;Excessive Sweating 2
Externe Otitis;External Otitis
Mittelöhrentzündung;External Otitis
Augenmuskeln;Extraocular Muscles
Augenmuskel 1;Extraocular Muscles 1
Arrhythmie;Extrasystole
Estrasistoliya;Extrasystole
Augenermüdung;Eye Fatigue
Entzündungen der Augen 1;Eye Inflammation 1
Entzündungen der Augen 2;Eye Inflammation 2
Augenmuskel;Eye Muscles
Augen;Eyes
Augen 1;Eyes 1
Augensteuerung;Eyes Control
Augen-Frequenzsteuerung;Eyes-Control Frequencies
Gesichts-Reizung;Face-Irritation
Fazialisparese;Facial Nerve Paresis
Gesichtslähmung (Gesichtsnerv);Facial Paralysis
Eileiter;Fallopian Tubes
Eileiter 1;Fallopian Tubes 1
Fettablagerung;Fat Deposition
Fettgewebe;Fat Tissue
Müdigkeit;Fatigue
Ermüdung 3;Fatigue 3
Ermüdung 4;Fatigue 4
Müdigkeit nach dem Essen;Fatigue after Eating
Ermüdung nach dem Essen;Fatigue, Food
Angst;Fear
Angst 2;Fear 2
Angst 3;Fear 3
Zustand der Angst;Fear Feeling
Blasen an den Füßen;Feet Blisters
Fel Tauri;Fel Tauri
Katzenallergie;Feline Allergy
Katzen-Immunschwäche Virus;Feline ImmunoDeficiency Virus (FIV)
Katzenleukämie;Feline Leukemia
Frauen Urogenitalsystem;Female Genitourinary System
Lust Frau;Female Lust
Weibliches Fortpflanzungssystem;Female Reproductive System
Fortpflanzungssystem des weiblichen Hormonhaushalts;Female Reproductive System-Hormonal Balance
Weibliche rechte Niere;Female-Left Kindey
Frauen linken Niere;Female-Left Kindey
Weibliche linke Niere;Female-Right Kindey
Frauen rechte Niere;Female-Right Kindey1
Fieber-Hitze;Fever
Fieber;Fever
Fieber und Lymphe;Fever and Lyme
Fieber durch Sonnenstich;Fever Caused by Sun Stroke
Fibroadenom;Fibroadenoma
Weichteilrheumatismus;Fibromyalgia
Fibrosarkom;Fibrosarcoma
Fibrose allgemein;Fibrosis-General
Filariasis;Filariasis
Fingernägel;Fingernails
Fingernägel 1;Fingernails 1
Fingernägel 2;Fingernails 2
Fischpyrogen;Fischpyrogen
Fistel;Fistula
schlaffe Lähmung (AFP);Flaccid Paralysis
Plattfuß;Flat Foot
Blähungen 2;Flatulence
Blähungen 2;Flatulence 2
Flöhe;Fleas
Nosoden Grippe;Flu Nosode
Fluor Alb;Fluor Alb
Infektionsherd im Mund;Focal Infection in Oral Cavity
Fokale Infektion Mundhöhle;Focal Paradontosis
Angina Follikel;Follicular Tonsillitis
Mandelentzündung 2;Follicular tonsillitis
Lebensmittelallergie;Food Allergy
Lebensmittelvergiftung;Food Poisoning
Fußschwielen;Foot Callus
Fußpilz;Foot Fungus
Syndrom des Unterarms;Forearm Syndrome
Harnsäure-Bildung 1;Formation of Uric Acid 1
Frakturfusion;Fracture Fusion
Gelenke Frequenzen;Frequency of Joints
Frigidität;Frigidity
Frigidität 2;Frigidity 2
Stirnbein;Frontal Bone
Stirnkopfschmerzen;Frontal Headache
Stirnhöhle 1;Frontal Sinus 1
Stirnhöhle 2;Frontal Sinus 2
Vereiterung der Stirnhöhlen;Frontal Sinus Abscess
Frontale Nebenhöhlenentzündung;Frontal Sinusitis
Stirnhöhlenentzündung 1;Frontal Sinusitis 1
Stirnhöhlenentzündung 2;Frontal Sinusitis 2
Stirnhöhlenentzündung 3;Frontal Sinusitis 3
Frostbeule;Frostbite
Schultersteife;Frozen Shoulder
Frustration;Frustration
Pilzkrankheiten;Fungal Infections
Pilz Vaginose;Fungal Vaginosis
Pilze und Schimmel;Fungi and Mold
Basis Pilze;Fungi-Basic Programme
Pilze;Fungous Diseases
Entgiftung Pilze;Fungus Detoxification
Furunkel;Furuncle
Furunkulose;Furunculosis
Abschürfungen herpetiformis;Furunculosis Herpetiformis
Hautrisse;Fussures
Fibrozystische Brust;Fybrocystic Mastopathy
Gallenblase;Gall Bladder
Gallenblase 1;Gall Bladder 1
Erkrankung der Gallenblase;Gall Bladder Dystonia
Gallensteine;Gallstone Disease
Gallensteine 1;Gallstone1
Gallensteine 2;Gallstone2
Gallensteine 3;Gallstone3
Gallensteine 4;Gallstone4
Gallensteine 5;Gallstone5
Gallensteine 6;Gallstone6
Gallensteine;Gallstones
Wundbrand;Gangrene
Bakterielle Vaginales;Gardenerella Vaginalis
Magensäure;Gastric Acidity
Magengeschwür;Gastric Ulcer
Gastritis;Gastritis
Gastritis 1;Gastritis 1
Gastritis 2;Gastritis 2
Gastritis 3;Gastritis 3
Gastritis 4;Gastritis 4
Gastritis 5;Gastritis 5
Gastritis 6;Gastritis 6
Gastritis 7;Gastritis 7
Parasiten Magen-- Darm-Trakt;Gastro-Intestinal Tract Parasites
Gastroenterologie;Gastroenterology
Gastrogener Kopfschmerzen;Gastrogenic Headache
Grundprogramm-Gastrointestinaltraktes 1;Gastrointestinal Tract-Basic Programme 1
Grundprogramm-Gastrointestinaltraktes 2;Gastrointestinal Tract-Basic Programme 2
Magen-Darm-Steuerfrequenz;Gastrointestinal-Control Frequencies
Energie - Vitalisierung;General Energy, Vitalisation
Allgemein Energie aufladen;General Exercise
Allgemeine Müdigkeit;General Fatigue
Entzündung Allgemein;General Inflammation
Allgemeine Schmerzen;General Pain
Lungenentzündung allgemein;General Pneumonia
Lungenentzündung allgemein 5;General Pneumonia V
Genitaldrüsen;Genital Glands
Genitaldrüsen Frauen;Genital Glands-Female
Genitaldrüsen Männer;Genital Glands-Male
Genital Herpes;Genital Herpes
Urogenitale Erkrankung;Genitourinary Disease
Geotrihum Candida;Geotrichum Candidum
Regulierung des Magen-Darm-Trakt 1;GI Tract Regulation
Guardia;Giardia
Gilbert-Krankheit;Gilbert's Disease
Entzündung-Zahnfleisch;Gingivitis
Zahnfleischentzündung;Gingivitis
Zahnfleischentzündung-Mundfäule;Gingivitis-Stomatitis v
Regulierung des Magen-Darm-Traktes;GIT Regulation
Glaukom;Glaucoma
Glaukom;Glaucoma 1
Glaukom 2;Glaucoma 2
Gliokladim;Gliocladium
Glomerulonephritis;Glomerulonephritis
Entzündung des Kiefers;Gnathitis
Kropf;Goiter
Geschlechtsdrüse;Gonad
Gonorrhoe;Gonorrhea
Gicht;Gout
Gicht 1;Gout-1
Schmerzen Gicht;Gout-Pain
Granulome;Granuloma
Granulose Parodontitis;Granulomatous Periodontitis
Fettige Haut;Greasy Skin
Grüne Augentierchen;Green Euglena
Grip.V75Victoria;Grip.V75Victoria
Grippe 86;Grippe 86 tri
Grippe 87;Grippe 87
Grippe 89;Grippe 89
Grippe 90;Grippe 90
Grippe A-Port;Grippe A Port
Asia Grippe;Grippe Asian A
Britische Grippe;Grippe British
Hongkong Grippe;Grippe Hong Kong
Spanische Grippe;Grippe Spanish
Grippe V;Grippe V
Grippe V-2;Grippe V-2
Grippe V-3;Grippe V-3
Grippe V-4;Grippe V-4
Grippe V-5;Grippe V-5
Grippe VA 2-L;Grippe VA 2-L
Grippe VA-2;Grippe VA-2
Grippe vapch;Grippe Vapch
Grippe-Virus A;Grippe Virus A
Griseofulvin;Griseofulvin
Leistenbruch;Groin Hernia
Darm-Geschwür 2;Gut Ulcer
Ulkus Geschwür 2;Gut Ulcer 2
Gynäkologie;Gynecology
Haemophilus inf;Haemophilus Inf
Haemophilus InfB;Haemophilus InfB
Hämophilie Grippe;Haemophilus Influenzae
Haar;Hair
Haar Regulierung;Hair Control
Verfärbungen;Hair Discoloration
Haarwachstum;Hair Growth
Stimulation von Haarwachstum;Hair Growth Stimulation
Haarausfall;Hair Loss
Haar-Regeneration;Hair Regeneration
Haarwurzeln;Hair Roots
Haar Regulierung;Hair, Regulation
Haarwurzeln;Hair, Roots
Mundgeruch;Halitosis
Halluzinationen;Hallucinations
Hashimoto;Hashimoto's Thyroiditis
Heubazillus;Hay Bacillus
Kopfhaut;Head Skin
Kopfhaut 1;Head Skin 1
Kopfschmerzen;Headache
Kopfschmerz 1;Headache 1
Kopfschmerzen nach Hirnschädigung;Headache after Traumatic Brain Injury
Kopfschmerzen bei Arachnoiditis;Headache and Arachnoidite
Kopfschmerzen und Gallen Dyskinesie;Headache and Biliary DySkinesia
Endokrine Kopfschmerzen;Headache and Endocrine Symptoms
Kopfschmerzen mit Darmfunktionsstörung 1;Headache and Intestinal Dysfunction
Kopfschmerzen von degenerativen Bandscheibenerkrankungen;Headache and Osteochondrosis
Kopfschmerzen bei Eierstock-Erkrankung;Headache and Ovarian Dysfunction
Kopfschmerzen bei Eierstockunterfunktion;Headache and Ovarian Hypofunction
Urogenitale Kopfschmerzen;Headache and Urogenital Disorder
Kopfschmerz Eierstockfunktion;Headache Associated with Ovarian Functionality
Kopfschmerzzentrum;Headache Centres
Kopfschmerzen Frequenzsteuerung 1;Headache Control Frequencies 1
Kopfschmerzen Frequenzsteuerung 2;Headache Control Frequencies 2
Parasitäre Kopfschmerzen;Headache due to Parasitic Infection
Kopfschmerzen durch Funktionsstörungen des Magens;Headache due to Stomach Dysfunction
Kopfschmerzen Toxischen Ursprungs;Headache due to Toxic Genesis
Urogenitale Kopfschmerzen;Headache due to Urogenital Disorder
Kopfschmerzen unbekannter Herkunft;Headache of Unknown Origin
Kopfschmerz-Komplex;Headache-Integrated
Kopfschmerzen-Migräne;Headache-Migraine
Kopfschmerzen;Headaches
Heilzentrum 2;Healing Centre 2
Heilzentrum 3;Healing Centre 3
Heilzentrum 4;Healing Centre 4
Gehörzentrum 4;Hearing Centre
Gehör Zentrum 2;Hearing Centre 2
Hörzentrum 3;Hearing Centre 3
Zentrum Gehör 4;Hearing Centre 4
Hörstörungen;Hearing Disorder
Hörstörung;Hearing Disorder
Hör-Frequenzen;Hearing Frequencies
Schwerhörigkeit;Hearing Loss
Hörverlust 2;Hearing Loss 2
Gehörverlust 3;Hearing Loss 3
Neuritis des Hörnervs;Hearing Nerve Neuritis
Gehörorgane/Hören;Hearing Organs
Herz;Heart
Herz 2;Heart 2
Aktivierung des Herzens;Heart Activation
Herz und Kreislauf;Heart and Circulation
Herz-Arterien;Heart Arteries
Herzinfarkt;Heart Attack
Herzinfarkt 1;Heart Attack 1
Herzkreislauf;Heart Blood Circulation
Kreislauf/Blut-Zirkulation des Herzens 1;Heart Blood Circulation 1
Herz Zentrum;Heart Centre
Herzzentrum 1;Heart Centre 1
Zentrum Herz 2;Heart Centre 2
Herzzentrum 2;Heart Centre 2
Herzzentrum 3;Heart Centre 3
Herzzentrum 4;Heart Centre 4
Herzrhythmus;Heart Rate
Regelung des Herzens;Heart Regulation
Regulierung des Herzen 1;Heart Regulation 1
Herzscheidewand;Heart Septum
Herz Perfusion 2;Heart Supply 2
Einengendes Herzen;Heart Tightness
Oppression-Herz;Heart Tightness
Herz links;Heart, Left
Herzmuskel;Heart, Myocard
Herzmuskel 2;Heart, Myocard 2
Herz links;Heart, on the Left
Herz rechts;Heart, on the Right
Herz rechts;Heart, Right
Herzscheidewand;Heart, Septum
Herz Stenose;Heart, Stenosis
Herz Venen 1;Heart, Veins
Herz Venen 2;Heart, Veins 2
Herzkammern;Heart, Ventricles
Herz Blutgefäße;Heart, Vessels
Herz Kreislauf 1;Heart-Blood Circulation
Herz Kreislauf 2;Heart-Blood Supply
Herz Regulierung;Heart-Regulation
Sodbrennen;Heartburn
Sodbrennen 1;Heartburn 1
Hitze und Kälte;Heat and Cold
Wärme-Kälte 2;Heat and Cold 2
Wärme-Kälte 3;Heat and Cold 3
Hitze und Kälte 4;Heat and Cold 4
Hitze und Kälte 5;Heat and Cold 5
Wärmebilanz;Heat Balance
Wärme-Gleichgewicht;Heat Balance
Wärmebilanz 2;Heat Balance 2
Schwere in den Beinen;Heaviness in Legs
Helicobacter Pylori;Helicobacter Pylori
Helicobacter Pylori 2;Helicobacter Pylori 2
Helicobacter Pylori 3;Helicobacter Pylori 3
Würmer;Helminth
Würmer;Helminth Diseases
Wurmeier;Helminth Eggs
Hämatologie;Hematology
Hämatologie und Immunologie;Hematology and Immunology
Hämatom;Hematoma
Hämatom 1;Hematoma 1
Hämatom 2;Hematoma 2
Hemicrania;Hemicrania
Hemobakterie felis;Hemobartonella Felis
Blutverdünnung;Hemodilution
Blutverdünnung 1;Hemodilution 1
Blutverdünnung 2;Hemodilution 2
Blutverdünnung 3;Hemodilution 3
Blutung;Hemorrhage
Blutung;Hemorrhaging
Hämorrhoiden;Hemorrhoid
Hämorrhoiden 1;Hemorrhoid 1
Hämorrhoiden-Knoten;Hemorrhoidal Nodes
Hämorrhoiden-Knoten 1;Hemorrhoidal Nodes 1
Hemostatic;Hemostatic
Leber Kopfschmerzen;Hepatic Headache
Cholestase;Hepatic Secretory Obstruction
Hepatitis;Hepatitis
Hepatitis A;Hepatitis A
Hepatitis B;Hepatitis B
Hepatitis B 1;Hepatitis B 1
Hepatitis C1;Hepatitis C1
Hepatitis C2;Hepatitis C2
Hepatitis C3;Hepatitis C3
Hepatitis C4;Hepatitis C4
Neue Hepatitis;Hepatitis New Nos
Hepatitis-Cholangitis;Hepatitis-Cholangitis
Hepatitis-Zirrhose;Hepatitis-Cirrhosis
Leber-und Gallenkopfschmerz;Hepatobiliary Headache
Leber und Gallensystem;Hepatobiliary System
Hepatocholecystitis;Hepatocholecystitis
Hepatogenic;Hepatogenic
Hepatologie;Hepatology
Hepatomegalie;Hepatomegalia
Lebertoxisches Syndrom;Hepatotoxic Syndrome
Bruch;Hernia
Bandscheibenbruch;Hernia of the Intervertebral Disk
Herpes TR;Herpes TR
Herpes Typ 1-2;Herpes Type 1,2
Herpes Typ 6-1;Herpes Type 6-1
Herpes Zoster;Herpes Zoster
Herpes Zoster 1;Herpes Zoster 1
Herpes Zoster 2;Herpes Zoster 2
Herpes Zoster 3;Herpes Zoster 3
Herpes Zoster v;Herpes Zoster v
Herpes Zoster-Gürtelrose;Herpes Zoster! Or Shingles
Herpes Typ 1;Herpes-Type 1
Herpes Typ 2com;Herpes-Type 2 com
Herpes Typ 2A;Herpes-Type 2A
Herpes Typ 5;Herpes-Type 5
Herpes Typ 6;Herpes-Type 6
Herpes Typ 8;Herpes-Type 8
Herpes Typ C;Herpes-Type C
Herpes Furunkulose;Herpetic Furunculosis
Herpes Simplex;Herpetic Simplex
Herpes Simplex I;Herpetic SimplexI
Herpes Simplex 1;Herpetic SimplexI 1
Herpes Simplex 2;Herpetic SimplexI 2
Herpes Simplex 3;Herpetic SimplexI 3
Herpes Simplex 4;Herpetic SimplexI 4
Herpes Simplex ex;Herpetic SimplexI ex
Herpes Simplex II;Herpetic SimplexII
Herpes Simplex IU2;Herpetic SimplexIU 2
Herpes Simplex RTI;Herpetic SimplexRTI
Herpes Stomatitis;Herpetic Stomatitis
Schluckauf;Hiccup
Schluckauf 1;Hiccup 1
Schluckauf 2;Hiccup 2
Schluckauf 3;Hiccup 3
Hohes Fieber;High Fever
Arthrose des Hüftgelenks;Hip Arthritis
Hüftschmerzen;Hip Pain
Hirudo Heil;Hirudo Medicinal
Histoplasma;Histoplasma
Heiserkeit;Hoarseness
Homöopathie Frequenzen;Homeopathic Medicine Dosing Frequency
Hormonelle Kopfschmerzen;Hormonal Headache
Weiblicher Hormonhaushalt;Hormone Balance-Female
Männlicher Hormonhaushalt;Hormone Balance-Male
Hitzewallungen in den Wechseljahren;Hot Flashes
Hitzewallungen;Hot Flushes
Hitzewallungen 1;Hot Flushes 1
Dumpfer Lärm;Hum
Menschenliebe;Humanitarianism
Wassersucht;Hydrops
Hypercholesterinämie;Hypercholesteremia
Hyperglykämische Wirkung;Hyperglycemic Effect
Hornhaut;Hyperkeratosis
Hyperkinetische Galle;Hyperkinetic Biliary DySkinesia
Hyperlipidämie;Hyperlipidemia
Hypermenorrhoea;Hypermenorrhea
Weitsichtigkeit;Hyperopia
Hyperopie-Weitsichtigkeit;Hyperopia
Hyperopie 1;Hyperopia 1
Hyperphrenie;Hyperphrenia
Psychische Aufregung;Hyperphrenia
Überempfindlichkeit;Hypersensitivity
Hypersensibel;Hypersensitivity
Überempfindliche Zonen;Hypersensitivity of Zones
Überempfindliche Nerven;Hypersnsitivity of Nerves
Überempfindlich Zonen;Hypersnsitivity of Zones
Hypertonie / Bluthochdruck;Hypertension
Hypertonie;Hypertension
Hypertonie 1;Hypertension 1
Hypertonie 2;Hypertension 2
Hypertonie 3;Hypertension 3
Hypertonie 4;Hypertension 4
Hypertonie 5;Hypertension 5
Hypertonie 6;Hypertension 6
Bluthochdruck Atherosklerose;Hypertensive Arterio-Sclerosis
Reduzierte Magensäure;Hypoacidity
Übersäuerung;Hypoacidity
Hypoglykämie-Steuerfrequenz 1;Hypoglycaemia-cf1
Hypoglykämie-Steuerfrequenz 2;Hypoglycaemia-cf2
Hypoglykämie-Steuerfrequenz 3;Hypoglycaemia-cf3
Hypoglykämie-Steuerfrequenz 4;Hypoglycaemia-cf4
Zuckerreduktion;Hypoglycemia
Niedriger Blutzucker;Hypoglycemia
Blutzuckersenkende Wirkung;Hypoglycemic Effect
Hypoplasie der Brustdrüsen;Hypomastia
Hypermotorische Dyskinesie;Hypomotoric DySkinesia
Blutdrucksenkende Wirkung;Hypotensive Effect
Hypothalamus;Hypothalamus
Hypothalamus 1;Hypothalamus 1
Hypothalamus-Hypophyse;Hypothalamus-Pituitary Gland
Hypothyreose;Hypotheriosis
Unterkühlung;Hypothermia
Körperunterkühlung;Hypothermia of the Body
Hypothermie-Grippe;Hypothermia-Influenza
Hypotonie;Hypotonia
Hypotonie 1;Hypotonia 1
Hysterie-Syndrom;Hysteric Syndrom
Verletzungen aller Art;Iinjuries
Immunsystem;Immune System
Immunsystem 1;Immune System 1
Stabilisierung des Immunsystems;Immune System Stabilisation
Stabilisierung des Immunsystems;Immune System Stabilization
Stimulation des Immunsystems 1;Immune System Stabilization 1
Stimulation des Immunsystems 2;Immune System Stabilization 2
Immunsuppressiva;Immunodepressant
Immunsuppressive Wirkung;Immunodepressive Effect
Immunologie;Immunology
Immunstimulierende Wirkung;Immunostimulating Effect
Durchblutungsstörungen;Impaired Circulation
Impotenz;Impotence
Impotenz 1;Impotence 1
Schnittwunde;Incised Wound
Schneidezähne Entzündung;Incisor Abscess
Appetitsteigerung;Increase of Appetite
Gesteigerter Appetit;Increased Appetite
Gesteigerter Appetit 1;Increased Appetite 1
Verdauungsstörung;Indigestion
Zerebralparese;Infantile Cerebral Paralysis
Infektion;Infection
Mundhöhleninfektion;Infections of Oral Cavity
Pfeiffersches Drüsenfieber;Infectious Mononucleosis
Infektion-Prostatitis;Infectious Prostatitis
Infektionen;Infectiuos Diseases
Infektion der Leber;Infectiuos Liver Lesion
Unfruchtbarkeit;Infertility
Unfruchtbarkeit 1;Infertility 1
Entzündung der Zahnwurzel;Inflamed Tooth Root
Entzündungen;Inflammation
Zahnfleisch Entzündung;Inflammation
Entzündung;Inflammation
Entzündung 1;Inflammation 1
Entzündung 2;Inflammation 2
Darmentzündung;Inflammation of Intestine
Entzündung des Urogenitaltraktes;Inflammation of the Genitourinary Tract
Gebärmutter Entzündung;Inflammation of the Uterus
Venenentzündung;Inflammation of Vein
Entzündung / Schwellung;Inflammation/Edema
Schnupfen mit Entzündung der Schleimhäute;Inflammatory Rhinitis
Grippe;Influenza
Influenza (Fieber) v;Influenza (Fever) v
Grippe 1;Influenza 1
Grippe Basis 1;Influenza 1
Grippe 2;Influenza 2
Grippesymptome;Influenza Symptoms
Grippe Virus Basis;Influenza Virus
Grippe B-Virus;Influenza Virus A
Influenza A und B-HC;Influenza Virus A and B HC
Hohes Fieber bei Grippe;Influenza with High Fever
Influenzum Giftig;Influenzum Toxic
Leistenbruch;Inguinal Hernia
Innere Unruhe;Inner Anxiety 1
Innenohr;Inner ear
Innenohr 1;Inner Ear 1
Insektenstiche;Insect Stings
Schlaflosigkeit;Insomnia
Schlaflosigkeit 1;Insomnia 1
Schlaflosigkeit 2;Insomnia 2
Schlaflosigkeit 3;Insomnia 3
Schlaflosigkeit 4;Insomnia 4
Schlaflosigkeit 5;Insomnia 5
Schlaflosigkeit 6;Insomnia 6
Kreislaufversagen;Insufficiency of Blood Circulation
Insulin Überschuss;Insulin-Excessive
Insulinmangel;Insulin-Excessive
Zwischenrippenmuskeln Schmerzen;Intercoastal Muscles Pain
Nervenschmerzen Brust-Zwischenrippe;Intercostal Neuralgia
Interleukin;Interleukin
Atonie Darm;Intestinal Atony
Darm-Schäden;Intestinal Iinjuries
Darm-Motilität;Intestinal Motility
Darm Verstopfung;Intestinal Obstruction
Darm Verstopfung 1;Intestinal Obstruction 1
Lähmung des Darms;Intestinal Paralysis
Dünndarm-Parasiten;Intestinal Parasites
Darm-Verletzung;Intestinal Paresis
Darmtrakt;Intestinal Tract
Darm 1;Intestine 1
Darm-Funktionsstörung;Intestine Disorders
Darmstörung;Intestine Disorders
Darmkrämpfe;Intestine Spasm
Darmschließmuskel;Intestine Sphintcters
Darm-Geschwür 1;Intestine-Ulcer
Entwässerung;Intoxication Heavy Metals Salts
Intrakranielle Hypertension;Intracranial Hypertension
Hirndruck;Intracranial Pressure
Infektion-Allergisches Asthma;Intrinsic Asthma
Intuition;Intuition
Reizung der Gesichtsnerven;Irritated Facial Nerve
Ischämische Lähmung (Schlaganfall);Ischemic Paralysis
Ischias;Ischias
Ischias 1;Ischias 1
Fuß Juckreiz;Itchy Feet
Gelbsucht;Jaundice
Eiterkiefer;Jaw Abscess
Kieferentzündung;Jaw Inflammation
Knorpel in Gelenken 3;Joint Cartilage-3
Gelenkschmerzen;Joint Pain
Gelenkschmerzen 2;Joint Pain
Gelenkkopfschmerz;Joint Pain and Headache
Gelenkschmerzen Basis;Joint Pain-Basic
Gelenksteife;Joint Stiffness
Gelenke;Joints
Gelenksknorpel;Joints Cartilage
Knorpel in Gelenken 2;Joints Cartilage 2
Gelenke 2;Joints-2
Zentrum der Freude;Joy Centre
Zentrum Freude 2;Joy Centre 2
Zentrum Freude 3;Joy Centre 3
Zentrum der Freude 4;Joy Centre 4
Junge Arthritis;Juvenile Arthritis
Juxta glomeruläre Regulierung;Juxtaglomerular Regulation
Hornhaut;Keratoderma
Nierenzyste;Kidney Cyst
Nierenzyste 1;Kidney Cyst
Ekzem-Niere;Kidney Eczema
Nierenversagen;Kidney Failure
Nierenpapilom;Kidney Papilloma
Nieren-Modus;Kidney Pattern
Nierensteine 1;Kidney Stones1
Nierensteine 2;Kidney Stones2
Nierensteine 3;Kidney Stones3
Nierensteine 4;Kidney Stones4
Nierensteine 5;Kidney Stones5
Nieren;Kidneys
Nieren 1;Kidneys 1
Nieren 2;Kidneys 2
Nieren-Aktivierung;Kidneys-Activation
Nieren Frequenzsteuerung 1;Kidneys-Control Frequencies
Nieren Frequenzsteuerung 2;Kidneys-Control Frequencies
Nieren-Stimulation;Kidneys-Stimulation
Nierensteine;Kindey Stones
Nierensteine ​​Resorption;Kindey Stonesdispertion
Knie;Knee
Arthritis des Knies;Knee Arthritis
Knieknorpel;Knee Cartilage
Knieknorpel 1;Knee Cartilages 1
Krämpfe im Knie 2;Knee Cramps 1
Kniegelenke;Knee Joint
Krämpfe im Kniegelenk;Knee Joint Spasm
Schwaches Kniegelenk;Knee Joint Weakness
Knieschmerzen;Knee Pain
Knie Steifigkeit;Knee Stiffness
Tuberkulose Koch;Koch's Tuberculosis
Stimulation von L-Lysin;L-Lysin Stimulation
Lac deflorat;Lac Deflorat
Appetitlosigkeit;Lack of Appetite
Appetitlosigkeit 2;Lack of Appetite
Kein Appetit 1;Lack of Appetite 1
Mangel an Kraft;Lack of Vivacity
Tränendrüse;Lacrimal Gland
Tränendrüse 2;Lacrimal Gland 2
Milchsäurebakterien;Lactobacillus
Dickdarm;Large Intestine
Dickdarm 1;Large Intestine 1
Dickdarm 2;Large Intestine 2
Dickdarm 3;Large Intestine 3
Kehlkopfentzündung;Laryngeal Edema
Kehlkopfpolypen;Laryngeal Polyp
Kehlkopfentzündung;Laryngitis
Laryngitis 1;Laryngitis 1
Kehlkopf;Larynx
Kehlkopf 1;Larynx 1
Kehlkopf 2;Larynx 2
Lateral Sklerose;Lateral Sclerosis
Abführende Wirkung;Laxative
Abführend;Laxative
Abführende Wirkung;Laxative Effect
Linken Nebenniere;Left Adrenal Gland
Nebennieren Links;Left Adrenal Gland
Geschwollene Beine;Leg Swelling
Schwellung der Füße;Leg Swelling
Geschwollene Füße 1;Leg Swelling 1
Geschwollene Beine 2;Leg Swelling 2
Legasthenie;Legasthenia
Legionellen;Legionella
Leishmaniose;Leishmaniosis
Leptopahimening;Leptopachymeningitis
Leptopachmengitis 2;Leptopachymeningitis 2
Leukorrhoe;Leucorrhoea
Leukämie;Leukemia
Leukozyten;Leukocytes
Leukozyten 1;Leukocytes 1
Leukozyten 2;Leukocytes 2
Leukozytose;Leukocytosis
Panenzephalitis;Leukoencephalitis
Leukopenie;Leukopenia
Leukoplakie;Leukoplakia
Leukose;Leukosis
Dehnung-Sehnen und Muskeln;Ligament and Muscle Strain and Sprains
Limbisches Zentrum;Limbic Centre
Das limbische System;Limbic System
Limbische System;Limbic System
Lymphe-Borreliose;Lime Disease
Lippe;Lip
Lipom;Lipoma
Alkoholentwöhnung;Liquor-Dynamics
Listerose;Listeria
Listeria;Listerios
Leber;Liver
Leber 1;Liver 1
Leber-Galle 1;Liver and Bile 1
Leber-Galle 2;Liver and Bile 2
Leber Juckreiz;Liver Itching
Parasiten Leber;Liver Parasites
Unterstützung der Leber;Liver Support
Trematoden Leber;Liver Trematodes
Leber-Gallenblase;Liver-Gall Bladder
Leber-Zucker;Liver-Sugar
Leber-Zucker 1;Liver-Sugar 1
Lokale Durchblutung;Local Blood Circulation
Lokale Durchblutung 1;Local Blood Circulation 1
Schlaffes Bindegewebe;Loose Connective Tissue
Abnahme der Appetit;Loss of Appetite
Appetitsenkung;Loss of Appetite
Unterkiefer 2;Low Jaw
Geringer sexueller Antrieb;Low Sexual Drive
Schwächung der Potenz;Low Sexual Drive
Temperatur niedrig;Low Temperature
Niedrige Temperatur;Low Temperature
Niedrige Temperatur 2;Low Temperature 2
Niedertemperatur 3;Low Temperature 3
Lendenschmerzen;Low-Back Pain
Unterkiefer;Lower Jaw
Luesinum-Syphiln;Luesinum-Syphiln
Hexenschuss Lumbago;Lumbago
Hexenschuss;Lumbago
Hexenschuss-Rückenschmerzen;Lumbago, Lumbar Myalgia
Lendenwirbelsäule;Lumbar Spine
Lendenwirbelsäule 1;Lumbar Spine 1
Verformung der Lendenwirbel;Lumbar Vertebrae Deformities
Lumbosakrale Nervenwurzelentzündung;Lumbosacral Radiculitis
Lungenabszess;Lung Abscess
Lungenstauung;Lung Congestion
Lunge;Lungs
Lunge 1;Lungs 1
Lungen 2;Lungs 2
Lupus/Tuberkulose-Haut;Lupus
Lupus;Lupus
Tuberkulose-Hau/Lupus 2;Lupus 2
Lupus-Schmetterling;Lupus Butterfly
Lupus Basis;Lupus-Basic
Lupus Grundsekundär;Lupus-Basic Secondary
Lupus Sekundär;Lupus-Secondary
Lymphe Zecken-Borreliose;Lyme Borreliosis
Lymphe;Lymph
Lymphen 1;Lymph
Lymphe 1;Lymph 1
Lymphen 2;Lymph 2
Lymphe und Entgiftung;Lymph and Detoxification
Lymphatisches Zentrum;Lymph Centre
Hypertrophie Lymphknoten;Lymph Nodes Hypertrophy
Lymphstimulation;Lymph Stimulation
Trematoden Lymphe;Lymph Trematodes
Lymphe-cf 2;Lymph-cf 2
Lymphe-Steuerfrequenz 1;Lymph-Control Frequencies 1
Lymphknotenentzündung;Lymphadenitis
Lymphgefäßentzündung;Lymphangitis
Lymphödem;Lymphatic Edema
Lymphödem 1;Lymphatic Edema 1
Lymphknoten 1;Lymphatic Glands 1
Lymphknoten 2;Lymphatic Glands 2
Lymphknoten;Lymphatic Nodes
Stimulation Lymphdrüsen;Lymphatic Nodes Stimulation
Das Lymphsystem;Lymphatic System
Lymphogen Schwellung;Lymphogenic Edema
Schwellung lymphogene 1;Lymphogenic Edema 1
Lymphogene Wirkung;Lymphogenic Effect
Lymphogranulomatose;Lymphogranulomatosis
Lymphologie;Lymphology
Lymphosarkom;Lymphosarcoma
Lymphosarcoma 1;Lymphosarcoma 1
Lymphostase;Lymphostasis
Lymphostase 1;Lymphostasis 1
Lysin Stimulation;Lysin Stimulation
Lyssinum;Lyssinum
Menière-Syndrom;M?ni?re's Syndrome
Magnesium;Magnesium
Magnesiummangel;Magnesium Deficiency
Magnesiummangel 1;Magnesium Deficiency 1
Magnesiummangel 2;Magnesium Deficiency 2
Malaria;Malaria
Falciparum-Malaria;Malaria Falciparum
Malasseziya;Malassezia
Schwächung des männlichen Organismus;Male Body Weakening
Männliches Urogenitalsystem;Male Genitourinary System
Männliche Unfruchtbarkeit 1;Male Infertility 1
Männliche Unfruchtbarkeit 2;Male Infertility 2
Lust Mann;Male Lust
Männliches Fortpflanzungssystem;Male Reproductive System
Männliche rechte Niere;Male-Left Kindey
Männer linke Niere;Male-Left Kindey
Männliche linke Niere;Male-Right Kindey
Männer rechte Niere;Male-Right Kindey
Fehlfunktion Syndrom;Malfunction Syndrome
Milchdrüse Fibroma;Mammary Gland Fibroma
Brustdrüsen;Mammary Glands
Milchdrüsen;Mammary Glands
Brustdrüsen 1;Mammary Glands 1
Brustdrüsen 2;Mammary Glands 2
Kiefer ausgerenkt;Mandibular Dislocation
Manie;Mania
Mannan;Mannan
Entzündung der Brustdrüse;Mastitis
Mastitis;Mastitis
Brusterkrankung 1;Mastopathy 1
Brusterkrankung 2;Mastopathy 2
Brusterkrankung 3;Mastopathy 3
Brusterkrankung 4;Mastopathy 4
Brusterkrankung 5;Mastopathy 5
Brusterkrankung 6;Mastopathy 6
Entgiftung - Matrix;Matrix Detoxification
Masern 3 Tag;Measels 3rd day
Masern 9 Tag;Measels 9th day
Masernvirus;Measels Virus
Masern Antigenvirus;Measels Virus Antigen
Masern-Röteln-Impfstoff;Measels-Rubella Vaccine
Masern-Impfstoff;Measles Vaccine
Medorrhinum;Medorrhinum
Melancholie;Melancholia
Melanom;Melanoma
Melanom 1;Melanoma 1
Melanom 2;Melanoma 2
Gedächtnis;Memory
Gedächtnis Zentrum;Memory Centre
Erinnerungszentrum;Memory Centre
Morbus Meniere;Meniere's Disease
Meningitis;Meningitis
Meningitis 1;Meningitis 1
Meningitis 2;Meningitis 2
Meningeale Kopfschmerzen;Meningitis Headache
Meningococcinum;Meningococcinum
Meniskus;Meniscus
Meniskus 1;Meniscus 1
Klimakterium;Menopause
Wechseljahre;Menopause
Klimakterium 1;Menopause 1
Klimakterium 2;Menopause 2
Klimakterium 3;Menopause 3
Klimakterium 4;Menopause 4
Klimakterium 5;Menopause 5
Klimakterium 6;Menopause 6
Symptome der Wechseljahre;Menopause Symptoms
Menopause/Klimakterium Basisprogramm;Menopause-Basic Programme
Menorrhagie;Menorrhagia
Menstruationszyklus;Menstrual Cycle
Menstruationsbeschwerden;Menstrual Molimina
Quecksilber-Ausleitung;Mercury Elimination
Metabolische Polyarthritis;Metabolic Poly-Arthritis
Stoffwechsel;Metabolism
Stoffwechsel 1;Metabolism
Stoffwechsel 2;Metabolism 2
Stoffwechsel 3;Metabolism 3
Meteopatiya;Meteopathia
Flatulenz;Meteorism
Methotrexat. Giftig;Methotrex. Toxic
Migräne;Migraine
Migräne 1;Migraine 1
Migräne 2;Migraine 2
Monilia;Monilia
Monotospora lang;Monotospora Lang
Morbillinum;Morbillinum
Bakterium Morgans;Morgan's Bacillus
Mückenstich;Mosquito Bite
Mückenstich 2;Mosquito Bite 2
Reisekrankheit;Motion Sickness
Bewegungszentrum;Motor Centre
Störung der motorischen Koordination;Motor Coordination Disorders
Bewegungsstörungen;Motor Disturbance
Bewegungsapparat;Motor System
Mund;Mouth
Mund 1;Mouth 1
Mucor Flumbeus;Mucor Flumbeus
Schleimhautschäden;Mucosal Disorder
Überempfindlichkeit Schleimhäute;Mucosal Hypersensitivity
Mukositis;Mucous Inflammation
Multiple Sklerose des Gehirns;Multiple Brain Sclerosis
Multiple Sklerose;Multiple Sclerosis
Multiple-Sklerose 1;Multiple Sclerosis 1
Multiple-Sklerose 10;Multiple Sclerosis 10
Multiple-Sklerose 11;Multiple Sclerosis 11
Multiple-Sklerose 12;Multiple Sclerosis 12
Multiple-Sklerose 2;Multiple Sclerosis 2
Multiple-Sklerose 3;Multiple Sclerosis 3
Multiple-Sklerose 4;Multiple Sclerosis 4
Multiple-Sklerose 5;Multiple Sclerosis 5
Multiple-Sklerose 6;Multiple Sclerosis 6
Multiple-Sklerose 7;Multiple Sclerosis 7
Multiple-Sklerose 8;Multiple Sclerosis 8
Multiple-Sklerose 9;Multiple Sclerosis 9
Multiple Sklerose und Myelitis;Multiple Sclerosis and Myelitis
Multiple Sklerose-Komplexen;Multiple Sclerosis of a Complicated Prognosis
Multiple Sklerose infektiöser Ätiologie;Multiple Sclerosis of Infectious Origin
Mumps;Mumps Virus
Muskeln aufbauen;Muscle Building
Muskelkrämpfe;Muscle Cramps
Muskelermüdung;Muscle Fatigue
Muskelermüdung 1;Muscle Fatigue 1
Muskelermüdung 2;Muscle Fatigue 2
Muskelschmerzen;Muscle Pain
Muskelkrämpfe 1;Muscle Spasm 1
Muskelkrämpfe 2;Muscle Spasm 2
Muskelkrämpfe;Muscle Spasms
Muskelkrämpfe 1;Muscle Spasms 1
Muskelsteifheit;Muscle Stiffness
Muskelsteifheit 1;Muscle Stiffness 1
Muskel-Steifheit 2;Muscle Stiffness 2
Muskelstarre 3;Muscle Stiffness 3
Muskelsteifigkeit Basis;Muscle Stiffness-Basic
Muskelsteifigkeit Komplexe;Muscle Stiffness-Comprehensive
Muskelsteifigkeit Sekundär;Muscle Stiffness-Secondary
Stärkung der Muskeln;Muscle Strengthening
Stärkung der Muskulatur;Muscle Strengthening
Muskelzucken 1;Muscle Twitching 1
Muskel;Muscles
Muskeltonisierung;Muscles Stimulating
Muskelaufbau;Muscles Structure
Muskel Steuerfrequenz;Muscles, Control Frequencies
Muskelaufbau;Muscles, Structure
Muskulatur;Muscular System
Mutierte Grippe;Mutanenized Flu
Kolibazillen Mutation;Mutant-Type Colibacillus
Myalgie;Myalgia
Mycogone spp;Mycogone Spp
Mykoplasmen;Mycoplasma
Mycoplasma Basis;Mycoplasma
Mycoplasma Fermentas;Mycoplasma Fermentans
Mycoplasma Lungenentzündung;Mycoplasma Pneumoniae
Mycoplasma salivariumi;Mycoplasma Salivarium
Mycoplasmose;Mycoplasmosis
Pilzinfektion 1;Mycosis Fungoides 1
Pilzinfektion 2;Mycosis Fungoides 2
Schwäche Rückenmarksentzündung;Myelitis-Weakness
Myocardit.necros;Myocardit. Necros
Myokarditis;Myocarditis
Myome;Myoma
Myom;Myoma
Myom 1;Myoma 1
Myom 2;Myoma 2
Myom 3;Myoma 3
Myom 4;Myoma 4
Myom 5;Myoma 5
Myom 6;Myoma 6
Kurzsichtigkeit;Myopia
Kurzsichtigkeit;Myopia 1
Kurzsichtigkeit;Myopia 2
Muskelentzündung;Myositis
Nagel Mycosis;Nagel Mycosis
Nanobakterien;Nanobacteria
Nanobakterien 1;Nanobacteria 1
Nanobakterien 2;Nanobacteria 2
Nasenpolypen;Nasal Polyp
Nasenpolypen;Nasal Polyps
Nasen-Nebenhöhlen;Nasal Sinuses
Nasen-Rachenraumentzündung 1;Nasopharyngitis 1
Nasen-Rachenraumentzündung 2;Nasopharyngitis 2
Kapuzinerkresse 1;Nasturtium 1
Kapuzinerkresse 2;Nasturtium 2
Übelkeit und Krämpfe;Nausea and Spasms
Nackenkrämpfe;Neck Spasms
Nematoden;Nematodes
Nierenentzündung;Nephritis
Nephritis Nephrose;Nephritis,
Nephrogene Wirkung;Nephrogenic Effect
Nephrolithiasis;Nephrolithiasis
Lithonephria;Nephrolithiasis
Nephrosklerose;Nephroschlerosis
Nephrosklerose 1;Nephroschlerosis 1
Nervenzentrum;Nerve Centre
Nervenzentrum 1;Nerve Centre
Nervendegeneration;Nerve Degenaration
Degeneration der Nerven;Nerve Degenaration
Nerven Steuerfrequenz 2 Störung;Nerve Disorders cf 2
Nerven Steuerfrequenz 1 Störung;Nerve Disorders-Control Frequencies 1
Überempfindlichkeit Nervlich;Nerve Hypersensitivity
Entzündung der Nerven;Nerve Inflammation
Nervenentzündung;Nerve Neuritis
Nerven Stärkung;Nerve Strengthening
Stärkung der Nerven;Nerve Strengthening
Nerven Struktur;Nerve Structure
Nerven;Nerves
Nerven 1;Nerves 1
Nerven Behandlung;Nerves Treatment
Nerven Rechte Hand;Nerves, Right Arm
Nerven Steuerfrequenz 1;Nerves-cf 1
Nerven Steuerfrequenz 2;Nerves-cf 2
Asthenie Nerven;Nervous Asthenia
Regeneration des Nervensystems;Nervous Sytem Restoration
Nervöser Tick;Nervous Tic
Neuralgie;Neuralgia
Neuralgie der Hände;Neuralgia in Arms
Neuralgischen Kopfschmerzen;Neuralgic Pain Headache
Neuritis;Neuritis
Neuro-Kreis Dystonie 1;Neurocirculatory Dystonia 1
Neuro-Kreis Dystonie 2;Neurocirculatory Dystonia 2
Neurodermitis;Neurodermatitis
neurogene Asthma;Neurogenic Asthma
Neurogenes Ekzem;Neurogenic Eczema
Neurologie;Neurology
Neurosen;Neurosis
Angst Neurose;Neurosis
Neurose;Neurosis
Neurotrophe Wirkung;Neutrophilic Effect
Muttermal;Nevus
Hunde-Parvovirus neue;New Canine Parvo-Virus
Neuropathie;Neyropathy
Noduläres Erythem;Nodal Fever
Ekzem-Kein Herpes;Non Herpetic Eczema
Nicht Spastische Lähmung;Non-Spastic Paralysis
Normalisierung der Herztätigkeit;Normalization of Heart Function
Nase;Nose
Nase 1;Nose 1
Steife Muskeln;Nucal Rigidity
Taubheit der Körperteile;Numbness in Different Body Parts
Taubheit Hände-Finger;Numbness in Hands and Fingers
Nymphomanie;Nymphomania
Nymphomanie 1;Nymphomania 1
Übergewicht;Obesity
Fettleibigkeit;Obesity
Fettleibigkeit 1;Obesity 1
Fettleibigkeit 2;Obesity 2
Adipositas 3;Obesity 3
Fettleibigkeit 3;Obesity 3
Fettleibigkeit 4;Obesity 4
Fettleibigkeit 5;Obesity 5
Verschlusskrankheit;Obliterating Endarteritis
Gynäkologie und Geburtshilfe;Obstetrics and Gynaecology
Obstruktive Bronchitis;Obstructive Bronchitis
obstruktive Bronchitis;Obstructive Bronchitis
Hinterkopf/Nacken Schultern vgl;Occiput, Shoulders, cf
Octeo Arthritis;OcteoArthritis
Octeo Arthritis Schmerzen;OcteoArthritis Pain
Augenblutung;Ocular Hemorrage
Odontogene Kopfschmerzen;Odontogenic Headache
Onkologie;Oncology
Trübung des Glaskörpers;Opacity of Vitreous Body
Augen;Ophthalmology
Zentrum Sehvermögen;Optic Centre
Seh-Zentrum 3;Optic Centre 3
Sehnerv;Optic Nerve
Optikus Neuritis;Optic Neuritis
Risse im Mund;Oral Fissure
Herpes Mund;Oral Herpes
Orho-Epididymitis;Orchiepididymitis
Hodenentzündung;Orchitis
Organe Regenerierung;Organ Regeneration
Parrot Krankheit;Ornithosis
Osteochondropathie;Osteochondropathy
Osteochondrosis;Osteochondrosis
Osteochondrosis 1;Osteochondrosis 1
Osteochondrosis 2;Osteochondrosis 2
Knochenerweichung;Osteomalacia
Osteomalazie 1;Osteomalacia 1
Osteomalazie 2;Osteomalacia 2
Osteopathie;Osteopathy
Osteophyten-Knochenauswüchse;Osteophyte
Knochenentzündung;Ostitis
Mittelohrentzündung;Otitis
Otitis 1;Otitis 1
Ohrenentzündung 1;Otitis 1
Ohrenentzündung 2;Otitis 2
Ohrenentzündung 3;Otitis 3
Ohrenentzündung 4;Otitis 4
Ohrenentzündung 5;Otitis 5
Ohrenentzündung 6;Otitis 6
Otitis Externa 1;Otitis externa 1
Akute Mittelohrentzündung;Otitis Media
Mittelohrentzündung-Schwimmen;Otitis-Bathing
Otogene Kopfschmerzen;Otogenic Headache
HNO Hals-Nasen-Ohr;Otolaryngologist
HNO;Otolaryngologist
Otosklerose;OtoSclerosis
Optik Thalamus;Otpic Thalamus
Externes Ohr;Outer ear
Äußeres Ohr 1;Outer Ear 1
Eierstockzyste;Ovarian Cyst
Eierstockfunktionsstörung;Ovarian Dysfunction
Eierstöcke;Ovary
Eierstockfunktion;Ovary
Eierstöcke 2;Ovary 2
Eierstöcke 3;Ovary 3
Oxalurie 1;Oxaluria 1
Oxalurie 2;Oxaluria 2
Sauerstoffaufnahme;Oxygen Consumption
Sauerstoffaufnahme 1;Oxygen Consumption 1
Sauerstoffaufnahme 2;Oxygen Consumption 2
Sauerstoffaufnahme 3;Oxygen Consumption 3
Sauerstoffaufnahme;Oxygen Intake
Schmerz Frequenzen;Pain
Schmerz;Pain
Schmerzen während der Grippe;Pain due to Flu
Schmerzen-Infektion;Pain-Infection
Schmerzen Lähmung;Pain-Paralysis
Bauchspeicheldrüse;Pancreas
Bauchspeicheldrüse 1;Pancreas 1
Pankreas Frequenzsteuerung 2;Pancreas Control Frequencies 2
Degeneration der Bauchspeicheldrüse;Pancreas Degeneration
Erkrankungen der Bauchspeicheldrüse 2;Pancreas Diseases
Parasiten Bauchspeicheldrüse;Pancreas Parasites
Bauchspeicheldrüse-Frequenzsteuerung;Pancreas-Control Frequencies
Bauchspeicheldrüse Frequenzsteuerung;Pancreas-Control Frequencies1
Pankreas Degeneration 1;Pancreatic Degeneration 1
Erkrankungen der Bauchspeicheldrüse 1;Pancreatic Disorders
Pankreatitis;Pancreatitis
Pankreatitis 1;Pancreatitis 1
Pankreatogen;Pancreatogenic
Papillomavirus 1;Papilloma Virus1
Papillomavirus 2;Papilloma Virus2
Papillomavirus 3;Papilloma Virus3
Parodontose;Paradontosis
Lähmung;Paralysis
Lähmung Taubheit;Paralysis, Numbness
Parametritis;Parametritis
Nasennebenhöhle;Paranasal Sinus
Parasiten - Entgiftung;Parasite Detoxification
Parasiten Lymphe;Parasites in Lymphatic System
Parasiten Basis 1;Parasites-Basic 1
Parasiten Basis 2;Parasites-Basic 2
Parasiten Basis-Alternativprogramm;Parasites-Basic Alternative Programme
Parasiten umfassendes Programm 1;Parasites-Basic Comprehensive Programme
Parasiten Allgemein 1;Parasites-Common 1
Parasiten Allgemein 2;Parasites-Commonl 2
Parasiten umfassendes Programm 2;Parasites-Comprehensive
Parasiten Hauptprogramm 1;Parasites-Main 1
Parasiten Hauptprogramm 2;Parasites-Main 2
Parasiten Alternativprogramm;Parasites-Main Alternative
Parasitäres Geschwür;Parasitic Ulcer
Parasympathikus;Parasympathetic System
Nebenschilddrüse;Parathyroid Gland
Nebenschilddrüse 1;Parathyroid Gland 1
Nebenschilddrüse;Parathyroid Glands
Kopfschmerzen Parater Herkunft;Parathyroid Headache
Parese;Paresis
Parese 1;Paresis 1
Parästhesien;Paresthesia
Parkinson-Krankheit;Parkinson Disease
Parkinson;Parkinsonism
Parodontose;Parodontosis
Parvovirus B19;ParvoVirus B19
Entzündung der Beckenorgane;Pelvic Inflammatory Disease
Hüfte;Pelvic Joint
Dysfunktion der Beckenorgane;Pelvic Organs Dysfunction
Blasen-Ödem Haut;Pemphigus
Penis;Penis
Penis 1;Penis 1
Magengeschwür 2;Peptic Ulcer
Erhöhter Säuregehalt;Peracidity
Magensäure;Peracidity
Herzbeutel;Pericard
Herzbeutel 1;Pericard 1
Perikarditis;Pericarditis
Perikarditis 1;Pericarditis 1
Anal Juckreiz;Perinal Itch
Parodontitis;Periodontitis
Parodontitis 1;Periodontosis 1
Knochenhaut;Periosteum
Knochenhaut Entzündung;Periosteum Inflammation
Periostitis;Periostitis
Knochenhautentzündung;Periostitis
Periostitis 1;Periostitis 1
Peripheren Gefäßen;Peripheral Vessels
Peristaltik;Peristalsis
Peristaltik und Mobilität;Peristalsis and Motility
Perniziöse-Anämie;Pernicious Anemia
Chronische persistierende Hepatitis;Persistent Hepatitis
Schwitzen;Perspiration
Keuchhusten;Pertussis
Pertussis 1;Pertussis 1
Nosoden Pertussis;Pertussis Nosode
Keuchhusten Epidemie;Pertussis-Epidemic Parotitis
Entgiftung Pestizide;Pesticide Detoxification
Stimulation Phagozyten Bildung;Phagocytes Formation Stimulation
Stimulation Phagozytose;Phagocytosis Stimulation
Phantomschmerzen;Phantom Pain
Phantomschmerz 2;Phantom Pain 2
Rachenentzündung;Pharyngitis
Rachen;Pharynx
Rachen 1;Pharynx 1
Venenwandentzündung;Phlebitis
Venenentzündung 2;Phlebitis 2
Venenentzündung 3;Phlebitis 3
Venen;Phlebology
Phobie;Phobia
Phosphor und Calcium;Phosphorus and Calcium
Körperliche Müdigkeit;Physical Fatigue
Physiologie;Physiological Effects
Pigmentierung;Pigmentation
Muskeln eingeklemmt;Pinched Muscle
Muskeln eingeklemmt;Pinched Muscles
Eingeklemmter Schulter Nerv;Pinched Shoulder Nerve
Hirnanhangsdrüse;Pituitary Gland
Hypophyse 1;Pituitary Gland 1
Hypophyse 2;Pituitary Gland 2
Hirnanhangsdrüse Störungen;Pituitary Gland Disorders
Hypophysen Eierstock-Achse;Pituitary Gland-Ovary
Hypophyse Kopfschmerzen;Pituitary Headache
Hypophyse-Kopfschmerzen 1;Pituitary Headache 1
Dornwarzen;Plantar Warts
Plasmozytom;Plasmacytoma
Brustfell;Pleura
Pleura 1;Pleura 1
Rippenfellentzündung 1;Pleurisy 1
Rippenfellentzündung;Pleuritis
Pneumokokken;Pneumococcus
Pneumokokken in einer gemischten Flora;Pneumococcus in Mixed Flora
Schlauchpilz;Pneumocystis Carinii
Lungenentzündung;Pneumonia
Pneumonie 1;Pneumonia 1
Polio 1;Poliomyelitis 1
Polio 2;Poliomyelitis 2
Pollenallergie;Pollen Allergy
Pollenallergie 2;Pollen Allergy 2
Pollen Krankheit;Pollinosis
Polyneuropathie;Polyneuropathy
Polypen;Polyps
Prämenstruelles Syndrom;Post Menstrual Syndrome
Komplikationen Grippe;Post-Influenza Complications
Rehabilitation nach Schlaganfall;Post-Stroke Rehabilitation
Operation-Schmerz;Post-Surgery Pain
Hypophysen-Hinterlappen;Posterior Pituitary Gland
Hinterlappe der Hypophyse;Posterior Pituitary Gland
Hypophyse Hinterlappen;Posterior Pituitary Gland
Postoperativen Narben;Postoperative Cicatrix
Posttraumatisches Fieber;Posttraumatic Fever
Posttraumatische Fieber 1;Posttraumatic Fever 1
Schlechte Körperhaltung;Postural Disorder
Kalium und Natrium;Potassium and Sodium
Kalium Wechsel;Potassium Exchange
Kalium-Natrium;Potassium-Sodium
Kopfschmerzen Prämenstruelles Syndrom;Premenstrual Syndrome Headache
Vorbereitung zur Operation;Preparation for Surgery
Vorhaut;Preputium
Vorhaut 1;Preputium 1
Druckgeschwüre;Pressure Ulcers
Aktiver Schutz;Proactive Defence
Proktologie;Proctology
Starke Blutungen;Profuse Bleeding
Starke Blutung 1;Profuse Bleeding 1
Gebärmuttervorfall;Prolapse of Uterus
Prolaps-Gebärmutter;Prolapse of Uterus
Prostata;Prostate
Prostata 1;Prostate 1
Prostata Sklerose;Prostate Sclerosis
Prostata Adenom;Prostatic Adenoma
Prostatitis;Prostatitis
Prostatitis 1;Prostatitis 1
Prostatitis 2;Prostatitis 2
Prostatitis 3;Prostatitis 3
Prostatitis 4;Prostatitis 4
Prostatitis 5;Prostatitis 5
Prostatitis 6;Prostatitis 6
Prothesenzyste;Prosthesis Cyst
Proteus;Proteus
Einfache Protozoa;Protozoa
Urtierchen 1;Protozoa 1
Protozoen;Protozoan Infection Diseases
Psoriasis;Psoriasis
Psoriasis 1;Psoriasis 1
Psoriasis Sekundär;Psoriasis-Secondary
Psoriasis Läsionen;Psoriatic Eruption
Psorinum;Psorinum
Psyche Frequenzen;Psychiatry
Psychogene Schmerzen;Psychogenic Pain
Psyche - Psychologie;Psychology and Psychiatry
Psychosomatisch;Psychosomatosis
Induktionseffekt;Psychostimulant Effect
Psychotrop;Psychotropic
Liedsenkung;Ptosis-Eyelid Drop
Lungenödem;Pulmonary Edema
Lungenödem 1;Pulmonary Edema 1
Lungenödem 2;Pulmonary Edema 2
Lungenfibrose;Pulmonary Fibrosis
Atemwege - Lunge;Pulmonology
Pneumologie;Pulmonology
Zahnmarkentzündung;Pulpitis
Eitrige Akne;Purulent Pimples
Pustel Ekzem;Pustular Eczema
Pyelitis;Pyelitis
Nierenbeckenentzündung;Pyelonephritis
Pyelonephritis 1;Pyelonephritis 1
Pyelonephritis 2;Pyelonephritis 2
Nierenbeckenentzündung 1;Pyelonephritis1
Nierenbeckenentzündung 2;Pyelonephritis2
Nierenbeckenentzündung 3;Pyelonephritis3
Nierenbeckenentzündung 4;Pyelonephritis4
Nierenbeckenentzündung 5;Pyelonephritis5
Magen Verdauung;Pyloris
Magenpförtner;Pyloris
Pyocyaneus;Pyocyaneus
Hautgeschwürbildung;Pyoderma
Eiterfluss;Pyorrhea
Pyrogenium 62;Pyrogenium 62
Pyrogenium ex ov;Pyrogenium Ex Ov
Pyrogenium Fisch;Pyrogenium Fish
Pyrogenium mayo;Pyrogenium Mayo
Pyrogenium suis;Pyrogenium Suis
Q-Fieber;Q Fever
Beruhigung;Quieting
Beruhigung 2;Quieting 2
Tollwutvirus;Rabies Virus
Schmerzen in der Wirbelsäule;Rachialgia
Wurzelsyndrom;Radicular Syndrome
Nervenwurzelentzündung;Radiculitis
Ragweed;Ragweed
Ausschlag;Rash
Raynaud-Krankheit;Raynaud Disease
Lesestörung;Reading Disturbance
Genesung nach einer Krankheit;Recovering from Sickness
Heilung allgemein;Recovery
Beschleunigung der Heilung;Recovery Acceleration
Wiederherstellung der Aura;Recovery of Aura
Wiederherstellungsprozess;Recovery Process
Wiederherstellungsprozess 1;Recovery Process 1
Prozess der Heilung 1;Recovery Process 1
Heilungsprozess 2;Recovery Process 2
Rektale Zyste;Rectal Cyst
Zyste des Enddarms/Rektums;Rectal Cyst
Prolaps des Enddarms;Rectal Prolapse
Enddarmgeschwür;Rectal Ulcer
Mastdarm;Rectum
Rektum/Enddarm;Rectum 1
Enddarm/Rektum 2;Rectum 2
Entzündung des Rektums;Rectum Inflammation
Rote Flecken;Red Patches
Rote Flecken 1;Red Patches 1
Hustenreflex 2;Reflex Cough
Hustenreflex;Reflex Cough
Reflex Husten 1;Reflex Cough 1
Reflux;Reflux
Regeneration allgemein;Regeneration
Regionale Lymphadenitis;Regional Lymphadenitis
Kreislaufregulation;Regulation of Blood Circulation
Regulierung des endokrinen Systems;Regulation of Endocrine System
Regulierung des Juxta glomerulären Apparates;Regulation of Juxtaglomerular Apparatus
Lymphsystem-Steuerung 1;Regulation of Lymphatic System 1
Regulierung des Lymphsystems 1;Regulation of Lymphatic System 1
Lymphsystem-Steuerung 2;Regulation of Lymphatic System 2
Regulierung des Lymphsystems 2;Regulation of Lymphatic System 2
Muskelentspannung;Relaxation of Muscles
Nierenkolik;Renal Colics
Nephrogene Kopfschmerzen 1;Renal Headache 1
Nephrogene Kopfschmerzen 2;Renal Headache 2
Nierenschrumpfung;Renal Scarring
Stimulation der Nieren;Renal Stimulation
Heilung-Regeneration;Repair-Regeneration
Widerstand;Resistance
Auflösung Gallensteine ​​;Resolution of GallStones
Atemorgane;Respiaratory Organs
Entzündung der Atemwege 1;Respiratiry Tract Inflammation 1
Entzündung der Atemwege 2;Respiratiry Tract Inflammation 2
Atemwege-Durchblutung;Respiratiry Tract-Bleeding
Atemwege Kontrollfrequenz;Respiratiry Tract-Control Frequencies
Allergie der Atemwege;Respiratory Allergy
Atembeschwerde;Respiratory Difficulty
Atemorgane;Respiratory Organs
Atemorgane 1;Respiratory Organs 1
Atemwege Syncytial-Virus;Respiratory Syncitial Virus
Blutung aus den Atemwegen 1;Respiratory Tract Bleeding
Entzündung der Atemwege 1;Respiratory Tract Inflammation
Entzündung der Atemwege 2;Respiratory Tract Inflammation
Atemwege Kontrollfrequenzen;Respiratory Tract-Control Frequencies
Blutversorgung der Atemwege;Respiratoty Track-Blood Supply
Kontrolle der Atemwege;Respiratoty Track-Control
Verantwortungszentrum;Responsibility Centre
Verantwortungsgefühl;Responsibility Centre 2
Verantwortungszentrum 3;Responsibility Centre 3
Zentrum Verantwortlichkeit 2;Responsibility Centre-2
Reaktive Pankreatitis;Responsive Pancreatitis
Netzhaut;Retina
Netzhaut 1;Retina 3
Netzhaut/Retina Regulierung;Retina Control
Netzhautablösung 2;Retina Detachment 2
Netzhautablösung 1;Retina Detachment1
Netzthaut Erholung 2;Retina Recovery
Retrovirus;Retro-Virus
Rheumatischen Erkrankungen;Reumatic Disease
Rheumatische Erkrankung 1;Reumatic Disease 1
Rheumatische Füße;Reumatic Pain in Legs
Rhesus Inkompatibilität;Rhesus Incompatibility
Rheumatische Karditis;Rheumatic Carditic
Rheumaknoten;Rheumatic Nodules
Rheuma Hals;Rheumatic Pain in Occiput
Rheuma-Lenden;Rheumatic Pain of Low Back
Rheuma;Rheumatism
Rheuma 1;Rheumatism 1
Rheuma 2;Rheumatism 2
Rheumatische Arthritis;Rheumatoid Arthritis
Gemischte Rheumatische Arthritis;Rheumatoid Arthritis of Mixed Type
Rheuma Gefäße;Rheumatoid Blood Vessels
Rheuma Knie;Rheumatoid Knee Pain
Rheumatische Muskelentzündung;Rheumatoid Myositis
Rheumatologie;Rheumatology
Nasenschleimhautentzündung;Rhinitis
Schnupfen 1;Rhinitis 1
Schnupfen 2;Rhinitis 2
Laufende Nase-Nasennebenhöhlenentzündung;Rhinitis-Sinusitis
Herpes Pferd;Rhinopneumonia
Antifalten;Rhytide Effacement
Rhythm Verletzung;Rhytm Abnormality
Rechte Nebenniere;Right Adrenal Gland
Klingelnder Lärm;Ringing
Lyme-Borreliose Rocky;Rocky Borreliosis
Rotavirus;RotaVirus
Atemnot;Rough Breathing
Kurzatmigkeit 1;Rough Breathing 1
Spulwürmer integriertes Programm;Roundworms-Comprehensive Programme
Röteln;Rubella
Röteln 3 Tag;Rubella 3rd day
Röteln 9 Tag;Rubella 9th day
Röteln-Virus;Rubella Virus
Sakrale Segment der Wirbelsäule;Sacral Spine
Sakrale Wirbelsäule 1;Sacral Spine 1
Kreuzbein;Sacrum
Kreuzbein 1;Sacrum 1
Zentrum Traurigkeit;Sadness Centre
Zentrum Trauer 2;Sadness Centre 2
Traurigkeitszentrum 3;Sadness Centre 3
Speicheldrüse;Salivary Gland
Speicheldrüsen 2;Salivary Gland 2
Speicheldrüsen 1;Salivary Glands
Speicheldrüsen 2;Salivary Glands 2
Speicheldrüsen 3;Salivary Glands 3
Salmonellen Paratyphi B;Salmonella Paratyphi B
Salmonellen Typhi;Salmonella Typhi
Entzündungen der Eileiter;Salpingitis
Salzverlust-Syndrom;Salt-losing Syndrome
SARS-Corona Virus;SARS CoronaVirus
Krätze;Scabies
Krätzer Juckreiz;Scabious Pruritus
Sklerodermie;Schleroderma
Seekrankheit;Sea Sickness
Seekrankheit 1;Sea Sickness 1
Schuppen;Seborrhea
Kopfschuppen;Seborrhea Furfuracea
Abszess Sekundär;Secondary Abscess
Sekundäre Arthritis;Secondary Arthritis
Sekundäre Lymph-Borreliose;Secondary Borreliosis
Sekundäre Bronchitis;Secondary Bronchitis
Sekundäre Bronchopneumonie;Secondary Bronchopneumonia
Bandwürmer Sekundär;Secondary Cestoid Worms
Hepatitis allgemein sekundärer;Secondary Common Hepatitis
Sekundärer Diabetes;Secondary Diabetes
Herpes Zoster Sekundär;Secondary Herpes Zoster
Panenzephalitis sekundär;Secondary Leukoencephalitis
Lymphatische Überlastung;Secondary Lymphatis Congestion
Sekundäre Meningitis;Secondary Meningitis
Sekundäre Multiple Sklerose;Secondary Multiple Sclerosis
Sekundäre Hodenentzündung;Secondary Orchitis
Poliomyelitis sekundär;Secondary Poliomyelitis
Sekundäre Tuberkulose;Secondary Tuberculosis
Sekundäre Wundheilung;Secondary Wound Repair
Beruhigung;Sedation
Glaskörpertrübung;Seeing Spots
Schwindel im Liegen;Seeing Spots 1
Selbstsucht;Selfishness
Hodenzyste;Seminal Cyct
Altersdemenz;Senile Dementia
Altersbedingte Energiestörungen;Senile Disorders
Senile Störung 2;Senile Disorders 2
Empfindlichkeitsstörung;Sensation Disorders
Empfindliche Haut;Sensitive Skin
Empfindliche Zähne;Sensitive Teeth
Wetterfühligkeit;Sensitivity to Weather
Schnelle Frequenzblöcke;Set of Programs
7 Chakra Frequenzen;Seven Chakras
Sieben Chakras 1-7;Seven Chakras
Sieben Chakras 1;Seven Chakras
Sieben Chakras 2;Seven Chakras
Sieben Chakras 3;Seven Chakras
Sieben Chakras 4;Seven Chakras
Sieben Chakras 5;Seven Chakras
Sieben Chakras 6;Seven Chakras
Sieben Chakras 7;Seven Chakras
Sexologie;Sexology
Sexuelle Schwäche;Sexual Debility
Libido;Sexual Desire
weibliche Libido;Sexual Drive in Females
männliche Libido;Sexual Drive in Males
Sexuelle Dysfunktion;Sexual Dysfunction
Sexuelle Aufregung;Sexual Excitement
sexuelle Neurasthenie;Sexual Neuralgia
Sexuelle Neuralgie;Sexual Neuralgia
Sexuelle Neuralgie 1;Sexual Neuralgia 1
Sexuelle Regulierung-Frau;Sexual Regulation-Female
Sexuelle Regulierung-Mann;Sexual Regulation-Male
Geschlechtskrankheiten;Sexually Transmitted Diseases
Sehschärfe;Sharpness of Vision
Gürtelrose;Shingles
Schüttelfrost;Shivering
Arthrose Schultergelenk;Shoulder Arthrosis
Schultergelenk;Shoulder Joint
Schultergelenk 1;Shoulder Joint 1
Schulter-Hand-Syndrom 1;Shoulder-Arm Syndrome 1
Schulter-Syndrom 1;Shoulder-Arm Syndrome 1
Schulter-Arm 1;Shoulder-Arm Syndrome 1
Schulter-Hand-Syndrom 2;Shoulder-Arm Syndrome 2
Sichelzellenanämie;Sicle-Cell Anemia
Sinus-Krankheit;Sinus Disorders
Kopfschmerzen Nasennebenhöhlen;Sinus Headache
Sinus Kopfschmerz;Sinus Headache
Nasennebenhöhlen Entzündung;Sinusitis
Oberkieferhöhlenentzündung 1;Sinusitis 1
Nasennebenhöhlenentzündung 1;Sinusitis 1
Nebenhöhlenentzündung 1;Sinusitis 1
Sinusitis 2;Sinusitis 2
Nasennebenhöhlenentzündung 2;Sinusitis 2
Nebenhöhlenentzündung 2;Sinusitis 2
Nasennebenhöhlenentzündung 3;Sinusitis 3
Nasennebenhöhlenentzündung 4;Sinusitis 4
Nasennebenhöhlenentzündung 5;Sinusitis 5
Nasennebenhöhlenentzündung 6;Sinusitis 6
Haut;Skin
Haut 1;Skin 1
Hautprobleme;Skin Problems
Hautausschlag;Skin Rash
Hautausschlag 1;Skin Rash 1
Haut Regenerierung;Skin Regeneration
Hautton;Skin Tonus
Haut Regulierung;Skin, Regulation
Schlafstörungen;Sleep Disorder
Schlaf-Störung 2;Sleep Disorder 2
Störung der Schlafphasen;Sleep Phase Disorder
Einschlafphase;Sleep Phase Onset
Tiefer Schlaf;Sleep-Deep Sleeping
Schlaf-Regulierung;Sleep-Regulation
Schlaf-Regulierung 2;Sleep-Regulation 2
Schlaf-Regulierung 3;Sleep-Regulation 3
Schlaf-Regulierung 4;Sleep-Regulation 4
Mondsüchtigkeit;Sleepwalking
Schlafwandeln;Sleepwalking
Schlechte Heilung;Slow Recovery Process
Schlechter Heilungsprozess 1;Slow Recovery Process 1
Schlechter Heilungsprozess 10;Slow Recovery Process 10
Schlechter Heilungsprozess 11;Slow Recovery Process 11
Schlechter Heilungsprozess 12;Slow Recovery Process 12
Schlechte Heilung 2;Slow Recovery Process 2
Schlechte Heilung 3;Slow Recovery Process 3
Schlechter Heilungsprozess 4;Slow Recovery Process 4
Schlechter Heilungsprozess 5;Slow Recovery Process 5
Schlechte Heilung 6;Slow Recovery Process 6
Schlechte Heilung 7;Slow Recovery Process 7
Schlechter Heilungsprozess 8;Slow Recovery Process 8
Schlechter Heilungsprozess 9;Slow Recovery Process 9
Dünndarm;Small Intestine
Dünndarm 2;Small Intestine 2
Helicobacter Dünndarm;Small Intestine Helicobacter
Dünndarmgeschwüre;Small Intestine Ulcer
Pocken;Smallpox
Geschlechtsteilsekret-Talg;Smegma
Niesen;Sneezing
Schnarchen;Snore
Schnarchen 2;Snore 2
Schnarchen 3;Snore 3
Natrium / Kalium;Sodium/Potassium
Sorghum Flugbrand;Sorghum Smut
Krampf und Schmerzen;Spasm and Pain
Cyclospasm;Spasm of Accommodation
Spastische Kontraktion;Spasmodic Consriction
Krampflösende Wirkung 1;Spasmolytic
Krämpfe;Spasms
Krämpfe bei Kopfschmerzen;Spasms and Headache
Spastische Ataxie;Spastic Ataxia
Spastischer Cerebralparese;Spastic Cerebral Paralysis
Spastische Kolitis;Spastic Colitis
Spastische Krämpfe;Spastic Contructions
spastische Hypertonie;Spastic Hypertension
Spastische Lähmung;Spastic Paralysis
Spastische Lähmung 1;Spastic Paralysis 1
Krämpfe bei Gehirnschäden-Zentrum;Spasticity due to Cerebral Affection-Central Spasms
Sprachzentrum;Speech Centre
Sprachzentrum 1;Speech Centre 1
Sprachzentrum 2;Speech Centre 2
Sphenoidale Sinusitis;Spheroidal Sinusitis
Schließmuskel;Sphincter of Oddi
Darmschließmuskel;Sphincters of the Colon
Wirbelsäule Abrieb;Spinal Attrition
Hauptteil der Wirbelsäule;Spinal Column-Main Part
Hauptwirbelsäule 1;Spinal Column-Main Part 1
ganze Wirbelsäule;Spinal Column-Whole
Ganze Wirbelsäule 1;Spinal Column-Whole 1
Wirbelsäule 1;Spinal Column1
Wirbelsäule 2;Spinal Column2
Wirbelsäule 4;Spinal Column4
Wirbelsäule 5;Spinal Column5
Wirbelsäule 6;Spinal Column6
Rückenmark;Spinal Cord
Rückenmark 2;Spinal Cord 2
Rückenmarkserkrankung;Spinal Cord Disorder
Verkrümmung der Wirbelsäule;Spinal Curvature
Rückenprobleme;Spinal Disorders
Rücken-Kopfschmerzen;Spinal Headache
Milz;Spleen
Milz 1;Spleen 1
Milz 2;Spleen 2
Milz 3;Spleen 3
Milz 4;Spleen 4
Karbunkel Milz;Spleen Carbuncule
Spondylitis;Spondylitis
Strabismus;Squint
Kreislaufstabilisierung;Stabilization of Blood Circulation
Stafilo-Streptokokken Infektion;Staphylococcal and Streptococcal Infection
Staphylokokken-Streptokokken-Infektion 2;Staphylococcal and Streptococcal Infection 2
Staphylokokken Infektion;Staphylococcal Infection
Staphylokokken Infektion 2;Staphylococcal Infection 2
Genickstarre;Stiff Neck
Steife Schulter;Stiff Shoulder
Stimulation von Adrenalin;Stimulation of AdrenalinePproduction
Stimulation der Arterien;Stimulation of Arteries
Atemstimulation;Stimulation of Breathing
Stimulation Leukozyten Bildung;Stimulation of Leukocytes Formation
Stimulation T-Lymphozyten;Stimulation of T Lymphocyte
Stimulation Simpatikus;Stimulation of the Sympathicus
Magengeschwür;Stomac Ulcer
Magen-Mittelpunkt;Stomac-Midpoint
Magen-Ausgang;Stomac-Outlet
Magenkrämpfe;Stomach Spasm
Magenkörper;Stomach, Body
Mageneingang;Stomach, Cardia
Magen Mittelteil;Stomach, Middle Part
Magen Mitte;Stomach, Midpoint
Magenausgang;Stomach, Outlet
Magenschließmuskel;Stomach, Sphincter
Ganzer Magen;Stomach-Body
Magen-Kardia;Stomach-Cardia
Magen-Mittelteil;Stomach-Middle Part
Magen-Schließmuskel;Stomach-Sphincter
Mundfäule;Stomatitis
Kraft der Erde;Strength of Earth
Streptococcus Lungenentzündung;Streptococcus Pneumonia
Stress;Stress
Stress 3;Stress 3
Stress 4;Stress 4
Stress 5;Stress 5
Stress 2;Stress-2
Schlaganfall;Stroke
Schlaganfall Lähmung;Stroke-Paralysis
Strongyloides;Strongyloides
Strongyloides Sekundär;Strongyloides-Secondary
Stottern;Stuttering
Stottern 1;Stuttering 1
Stottern 2;Stuttering 2
Stottern 3;Stuttering 3
Gerste;Stye
Schweißdrüsen;Sudoriferous
Schweißtreibend Aktion;Sudoriferous Effect
Schweißtreibend Wirkung 1;Sudoriferous Effect 1
Sonnenallergie;Sun Allergy
Sonnenstich;Sun Stroke
Nach Operation Frequenzen;Surgery
Trauma - Arthrologie;Surgery, Traumatology and Arthrology
Schwellung bei Krampfadern;Swelling due to Varicosis
Schweinegrippe 1;Swine Flu 1
Schweinegrippe 2;Swine Flu 2
Schweinegrippe 3;Swine Flu 3
Schweinegrippe 4;Swine Flu 4
Schweinegrippe 5;Swine Flu 5
Schweinegrippe 6;Swine Flu 6
Schweinegrippe-Virus;Swine Flu Virus
Sympathikus;Sympathetic Nervous System
Verletzung des sympathischen Systems;Sympathetic Nervous System Disorders
Sympathikotonisch;Sympathicotonic
Sympathisches Nebennieren System;Sympathoadrenal System
Symptome und Syndrome;Sympthoms and Syndromes
Ohnmacht;Syncope
Syphilis;Syphilis
Syphilitische Geschwüre;Syphilis Sore
Bluthochdruck systolischer;Systolic Hypertension
Systolischer Hypertonie;Systolic Hypertension
Tachykardie;Tachycardia
Tränenbildung;Tear Formation
Weinerlichkeit;Tearfulness
Weinerlichkeit 1;Tearfulness 1
Gebiss;Teeth
Zähne-Schneidezähne;Teeth-incisor teeth
Entzündung der Sehnen;Tendinitis
Sehnenspannung;Tendon Sprain
Sehnenschwäche;Tendon Weakness
Tendon Schwäche;Tendon Weakness
Sehnenscheidenentzündung;Tendovaginitis
Tennisarm;Tennis Elbow
Tertiäre Borreliose;Tertiary Borreliosis
Hoden 2;Testicle 2
Hoden 3;Testicle 3
Hoden;Testicles
Hoden und Prostata;Testicles and Prostate
Tetanie;Tetania
Tetanie 3;Tetania 3
Thalamus;Thalamus
Therapeutische Frequenzen;Therapeutic
Weisheitszähne;Third Molar
Brustwirbelsäule;Thoracic Spine
Brustwirbelsäule 1;Thoracic Spine 1
Hals-Zentrum;Throat Centre
Halszentrum;Throat Centre
Hals Zentrum 2;Throat Centre 2
Zentrum des Halses 2;Throat Centre 2
Zentrum Hals 3;Throat Centre 3
Zentrum Hals 4;Throat Centre 4
Kehle;Throat Disorders
Halsschmerzen;Throat Inflammation
Thrombozytopenie;Thrombocytopenia
Daumen 1;Thumb 1
Daumen-großer Zeh;Thumb/ Big Toe
Thymus-Unterfunktion;Thymic Hypofunction
Thymus;Thymus
Thymus 2;Thymus 2
Thymus 3;Thymus 3
Thymus Steuerfrequenz 1;Thymus Control Frequencies 1
Thymus Steuerfrequenz 2;Thymus Control Frequencies 2
Stimulation der Thymusdrüse;Thymus glad Stimulation
Thymus-Frequenzsteuerung 1;Thymus-cf 1
Thymus-Frequenzsteuerung 2;Thymus-cf 2
Schilddrüse;Thyroid
Schilddrüsen 2;Thyroid 2
Schilddrüsenzyste;Thyroid Cyst
Funktionsstörungen der Schilddrüse;Thyroid Dysfunction
Schilddrüsenknoten;Thyroid Gland Nodules
Schilddrüsen-Hypertrophie;Thyroid Hyperthyroidism
Schilddrüsenunterfunktion;Thyroid Hyperthyroidism
Enzephalitis 2;Tick-Borne Encephalitis 2
Zeit-Zentrum;Time Centre
Zentrum-Zeitgefühl 2;Time Centre 2
Zentrum-Zeit 3;Time Centre 3
Flechte;Tinea
Pilzinfektion der Füße;Tinea Pedis
Pilzinfektion der Füße 1;Tinea Pedis 1
Flechte Sklerose;Tinea, Sclerosis
Tinnitus;Tinnitus
Zehennägel;Toenails
Zehennägel 1;Toenails 1
Zehennägel 2;Toenails 2
Nagelpilzinfektion des Fußes;Toenails Mycosis
Zungenbrennen;Tongue Burning
Lähmung der Zunge;Tongue Paralysis
Zungengeschwür;Tongue Ulcer
Zungenbrennen;Tongue-Burning
Brennende Zunge;Tongue-Burning
Zunge Taubheit;Tongue-Numbness
Taube Zunge 2;Tongue-Numbness 2
Zunge Taubheit 3;Tongue-Numbness 3
Tonsilläre Nosode;Tonsillar Nosode
Angina;Tonsillitis
Mandelentzündung 1;Tonsillitis
Mandelentzündung 2;Tonsillitis
Mandelentzündung-Angina 1;Tonsillitis 1
Mandelentzündung 1;Tonsillitis 1
Mandelentzündung-Angina 2;Tonsillitis 2
Mandelentzündung 2;Tonsillitis 2
Mandelentzündung-Angina 3;Tonsillitis 3
Mandelentzündung-Angina 4;Tonsillitis 4
Mandelentzündung-Angina 5;Tonsillitis 5
Mandelentzündung-Angina 6;Tonsillitis 6
Tonsillogenic Kopfschmerzen;Tonsillogenic Headache
Mandeln;Tonsils
Mandeln 1;Tonsils 1
Eiterung Zahn;Tooth Abscess
Zahnschmerzen;Tooth Ache
Zahn-Ohreninfektion;Tooth Infections and Ears
Zahn-Druck;Tooth Pressure
Zahnschmerzen;Toothache
Zahnschmerzen bei chronischem Granulom;Toothache and Chronic Granulomatous Disease
Schiefer Hals;Torticollis
Torticollis 1;Torticollis 1
Toxischer Kropf;Toxic Goiter
Hepatotoxizität;Toxic Liver Lesion
Multiple Sklerose giftige;Toxic Multiple Sclerosis
Toxoplasma;Toxoplasm
Luftröhre;Trachea
Luftröhre 2;Trachea 2
Tracheitis;Tracheitis
Trauma;Trauma
Trauma Rehabilitation;Trauma-Rehabilitation
Knochenbehandlung;Treatment of Bones
Knochen Behandlung 1;Treatment of Bones 1
Trematoden;Trematodes
Trematoden im Blut;Trematodes in Blood
Tremor;Tremor
Grabenfieber;Trench Fever
Trichinen;Trichinella
Trichomonas;Trichomonad
Trigeminus-Neuralgie;Trifacial Neuralgia
Trigeminusneuralgie;Trifacial Neuralgia
Trigeminus Nerv;Trigeminal Nerve
Trigeminus 1;Trigeminal Nerve 1
Trigeminus 2 - 1;Trigeminal Nerve 2 - 1
Trigeminus 2 - 1;Trigeminal Nerve 2 2
Trigeminus Nerv 1;Trigeminal Nerve1 2
Trigeminus Nerv 2;Trigeminal Nerve2
Thrombose;Trombosis
Thrombose 2;Trombosis 2
Thrombose 3;Trombosis 3
Thrombose 4;Trombosis 4
Thrombose 5;Trombosis 5
Geschwür von Tropen;Trophic Ulcer
Durchgängigkeit der Eileiter;Tubal Patency
Tuberkulosebazillus;Tubercule Bacillus
Tuberkulose;Tuberculosis
Tuberkulose 1;Tuberculosis 1
Tuberkulose 2;Tuberculosis 2
Tuberkulose 3;Tuberculosis 3
Tuberkulose mit Kollibazillus;Tuberculosis and Colibacillus
Tuberkulose-Koch;Tuberculosis-Koch
Schwellung der Eileiter;Tumor of the Fallopian Tubes
Gebärmutter-Tumor;Tumor of the Uterus
Tumoren des Uterus;Tumor of the Uterus
Tunnelsyndrom;Tunnel Syndrome
Trommelfell 1;Tympanic Membrane 1
Trommelfell 2;Tympanic Membrane 2
Gasansammlung Innenorgane;Tympanitis
Diabetes Mellitus Typ 2;Type 2 Diabetes Mellitus
Magengeschwüre 4;Ulcer Disease 4
Magengeschwüre 5;Ulcer Disease 5
Magengeschwüre 6;Ulcer Disease 6
Magengeschwüre 1;Ulcer Disease1
Magengeschwüre 2;Ulcer Disease2
Geschwüre-Reparatur;Ulcer Repair
Geschwür Basis;Ulcer-Basic
Colitis Ulcerosa;Ulcerative Colitis
Colitis Ulcerosa 2;Ulcerative Colitis
Colitis Ulcerosa 1;Ulcerative Colitis 1
Universeller Kopfschmerzen;Universal Headache
Oberkiefer;Upper Jaw
Oberkiefer 2;Upper Jaw
Oberen Atemwege;Upper Respiratory Tract
Reizdarm;Upset Stomach
Urea Plasma;Ureaplasma
Urämie;Uremia
Harnleiter;Ureter
Harnleiter 1;Ureter 1
Harnröhre;Urethra
Verengung der Harnröhre;Urethral Stricture
Harnröhrenentzündung;Urethritis
Harnsäure;Uric Acid
Harnsäure 1;Uric Acid 1
Harnsäure 2;Uric acid 2
Harnsäure 3;Uric Acid 3
Harnsäurebildung;Uric Acid Formation
Blase;Urinary Bladder
Harnblase 1;Urinary Bladder 1
Harnblase 2;Urinary Bladder 2
Blase-Syndrom;Urinary Bladder Syndrome
Blase-Syndrom 2;Urinary Bladder Syndrome 2
Blasentumor;Urinary Bladder Tumor
Blase-Prostata;Urinary Bladder-Prostate
Blase Harnröhre;Urinary Bladder-Urethra
Harnverhaltung;Urinary Retention
Harnwegsinfektion;Urinary Tract Infection
Harnwegsinfektion Blasenentzündung;Urinary Tract Infection-Cystitis
Urogenitalsystem Kopfschmerzen;Urogenital Headache
Urogenitale Infektion;Urogenital Infections
Harnsteinbildung;Urolithiasis
Urolithiasis;Urolithiasis
Urologie;Urology
Urologie und Nephrologie;Urology and Nephrology
Störungen beim Wasserlassen;Urosis
Nesselausschlag;Urticaria
Nesselsucht;Urticarial Erythema
Urticaria Erythema;Urticarial Erythema
Gebärmutter-Zyste;Uterine Cyst
Gebärmutter-Myome;Uterine Myome
Gebärmutter;Uterus
Gebärmutter 1;Uterus 1
Vaccininum;Vaccininum
Vagina;Vagina
Vagina 1;Vagina 1
Prolaps-Scheide;Vaginal Prolapse
Vaginose;Vaginosis
Vagusnerv;Vagus Nerve
Vagusnerv;Vagus Nerve Irritation
Irritierter Vagusnerv;Vagus Nerve Irritation
Vapch Grippe;Vapch Grippe
Varicillen;Varicillen
Gefäßekzeme;Varicos Eczema
Schwellung von Krampfadern;Varicose Edema
Unterschenkelgeschwür;Varicose Ulcer
Krampfgeschwür 1;Varicose Ulcer 1
Krampfadern;Varicose Veins
Krampfadern;Varicosis
Krampfadern 1;Varicosis
Krampfader-Varikose 1;Varicosis 1
Krampfader-Varikose 2;Varicosis 2
Krampfader-Varikose 3;Varicosis 3
Krampfader-Varikose 4;Varicosis 4
Krampfader-Varikose 5;Varicosis 5
Krampfader-Varikose 6;Varicosis 6
Krampfader-Varikose 7;Varicosis 7
Krampfadern Verschlimmerung;Varicosis Aggravation
Krampfadern Blutkreislauf;Varicosis-Blood Circulation
Krampfadern Kreislauf;Varicosis-Blood Circulation
Krampfadern Vene;Varicosis-Veins
Verschiedene Krämpfe;Various Spasms
Verschiedene Krämpfe 2;Various Spasms 2
Verschiedene Krämpfe;Various Spasms 3
Verschiedene Krämpfe 4;Various Spasms 4
Krampfadern Knoten;Varix
Vaskuläre Kopfschmerzen;Vascular Headache
Vaskuläre Kopfschmerzen 2;Vascular Headache 2
Vasogen;Vasogenic
Vasomotorische Rhinitis;Vasomotor Rhinitis
vegetative Störungen;Vegetative Disturbance
Vegetative Störungen 1;Vegetative Disturbance 1
Vegetovascular Dystonie;Vegetative-Vascular Dystonia
Vegetative Dystonie-Kreislauf;Vegetative-Vascular Dystonia
Nerven Venen;Vein Nerves
Nerven Vene 1;Vein Nerves 1
Venen Nerven 2;Vein Nerves 2
Venen;Veins
Venen 1;Veins 1
Vene 2;Veins-2
Alkohol Entgiftung;Veisalgia
Kopfschmerzen/Wirbelschmerzen;Vertebragenic Headache
Sintra vertebralis;Vertebral Artery Syndrome
Wirbel-basilaris Syndrom;Vertebrobasilar Syndrome
Vertebroge;Vertebrogenic
Wirbelsäule-Kopfschmerzen;Vertebrogenic Headache
Orthopädie;Vertebrology
Vertebrologie;Vertebrology
Influenza Vesic;Vesic Influenza
Influenza Vesic NW;Vesic NW Influenza
Influenza Vesic SW;Vesic SW Influenza
Influenza Vesica gen;Vesica Gen Influenza
Vesikoureteraler Reflux;Vesicoureteral Reflux
Viren;Viral Diseases
Sehschärfe;Vision
Sehvermögen 1;Vision 1
Sehvermögen 2;Vision 2
Sehvermögen 3;Vision 3
Sehvermögen 4;Vision 4
Sehvermögen Zentrum;Vision Centre 2
Sehstörungen;Vision Disorders
Kopfschmerzen-Störungen des Sehvermögen;Vision Distortion Headache
Visuelles Zentrum;Visual Centre
Sehvermögen 1;Visual Centre 1
Sehkraft-Müdigkeit;Visual Fatigue
Sehorgane;Visual Organ
Lebensenergie 2;Vital Energey 2
Vital Energie;Vital Energy
Vitalisierung;Vitalisation
Vitalisierung 1;Vitalisation 1
Vitalisierung 2;Vitalisation 2
Weißfleckenkrankheit;Vitiligo
Munterkeit;Vivacity
Reizung der Stimmbänder;Vocal Cord Irritation
Parese der Stimmbänder;Vocal Cord Paresis
Brechzentrum;Vomiting Centre
Erbrechen Zentrum 2;Vomiting Centre 2
Warzen;Warts
Warzen 1;Warts 1
Warzen Basisprigramm;Warts-Basic Programme
Blasen Herpes;Water Blisters Herpes
Schwacher Analsphinkter;Weak anal Sphincter
Geschwächte Abwehrkräfte;Weakening of Body Defenses
West-Nil-Fieber;West Nile Fever
Weiße Flecken 1;White Spots 1
Weiße Flecken 2;White Spots 2
Weitverbreitete Osteochondrose;Widespread Osteochondrosis
Wille-Wunschstärkung;Will. Desire
Weisheitszahn;Wisdom Tooth
Wundränder Entzündung;Wound Edges Inflammation
Wundheilung;Wound Repair
Schmerzen im Handgelenk;Wrist Pain
Schwierigkeiten beim Schreiben;Writing Difficulties
Gelbfieber;Yellow Fever
Gelbfieber 1;Yellow Fever 1
Überempfindliche Zonen 1;Zones Hypersensitivity 1
Ultrasensitive Zonen;Zones of Hypersensitivity
Zentrum Haut;ѵtaneous Centre
"7 Chakra Frequencies";"7 Chakra Frequenzen"
